id_szkoly,gwiazdki_pow
31679,4
31680,4
31681,3
31682,3
31683,3
31684,3
31685,3
31686,3
31687,4
31688,4
31689,4
31690,3
31691,2
31692,3
31693,2
31694,2
31695,5
31696,1
31697,3
31698,3
31700,2
31701,2
31705,3
31706,3
31707,3
31708,5
31709,1
31712,3
31713,3
31714,3
31715,3
31716,3
31717,3
31718,3
31719,4
31721,2
31722,3
31723,4
31724,3
31726,3
31727,3
31728,3
31729,3
31730,2
31731,3
31732,3
31733,3
31735,3
31739,3
31740,3
31741,2
31742,1
31743,3
31746,2
31747,4
31748,4
31749,3
31751,3
31752,3
31753,3
31754,2
31755,3
31760,3
31762,2
31763,4
31764,3
31765,3
31767,3
31769,3
31771,3
31772,2
31773,2
31774,2
31775,3
31776,5
31778,5
31779,4
31781,3
31782,3
31783,2
31784,3
31785,3
31786,2
31790,3
31791,3
31792,3
31793,3
31795,3
31796,3
31797,3
31798,4
31799,3
31800,4
31801,3
31802,1
31803,2
31804,2
31805,4
31806,3
31807,3
31808,4
31810,1
31811,3
31813,2
31815,3
31816,3
31817,3
31818,3
31820,4
31822,3
31823,5
31825,2
31826,3
31827,3
31828,2
31829,5
31830,2
31831,1
31832,3
31833,3
31834,4
31835,3
31836,3
31837,4
31839,3
31840,4
31841,2
31842,3
31843,3
31844,1
31845,2
31846,4
31847,4
31848,5
31849,3
31850,3
31852,3
31853,3
31854,3
31855,3
31856,3
31857,3
31858,2
31860,4
31862,4
31863,3
31864,3
31865,4
31866,4
31867,2
31868,4
31869,2
31870,3
31871,3
31872,3
31873,3
31874,3
31875,3
31876,3
31877,3
31878,2
31879,1
31880,5
31881,3
31882,4
31883,3
31884,2
31885,3
31886,3
31887,3
31888,2
31889,2
31890,5
31891,1
31892,3
31893,3
31894,3
31899,4
31900,3
31901,4
31902,2
31905,3
31906,4
31908,3
31909,4
31910,2
31911,2
31913,4
31914,2
31915,3
31916,4
31917,1
31920,3
31921,2
31922,3
31925,3
31927,5
31928,3
31929,1
31935,3
31936,3
31939,3
31942,3
31943,3
31944,1
31945,2
31946,3
31947,3
31949,2
31952,2
31954,3
31955,4
31956,3
31958,3
31959,5
31960,3
31961,4
31965,3
31966,3
31967,3
31968,2
31969,4
31970,3
31971,3
31972,4
31973,1
31974,3
31975,3
31976,3
31977,3
31978,3
31981,2
31982,3
31984,3
31985,3
31986,3
31987,2
31988,4
31989,3
31990,4
31991,3
31992,3
31993,4
31995,2
31996,5
31999,3
32000,3
32001,3
32002,2
32003,3
32004,3
32005,3
32007,3
32009,3
32011,3
32014,2
32015,3
32017,3
32019,1
32022,3
32024,4
32025,2
32026,3
32027,5
32028,3
32029,4
32031,2
32032,3
32033,3
32035,3
32037,3
32038,4
32039,3
32040,3
32041,3
32043,3
32044,3
32045,3
32046,3
32047,3
32048,3
32049,2
32050,3
32051,1
32052,2
32053,2
32054,3
32057,3
32059,3
32060,3
32061,3
32062,3
32063,3
32064,4
32065,4
32066,4
32068,3
32069,5
32072,4
32073,3
32074,4
32077,2
32078,1
32079,3
32080,3
32081,2
32083,3
32084,4
32085,2
32086,2
32087,5
32088,2
32089,3
32090,4
32091,3
32092,4
32094,3
32095,4
32097,3
32098,3
32099,3
32100,3
32101,3
32102,3
32105,3
32106,3
32108,3
32109,3
32110,3
32112,3
32113,3
32114,3
32115,3
32116,3
32118,3
32122,2
32123,3
32124,3
32125,3
32126,3
32127,3
32128,3
32129,3
32130,3
32131,4
32133,3
32134,4
32136,3
32137,3
32138,5
32139,3
32140,5
32141,4
32142,3
32143,3
32145,1
32147,2
32153,3
32154,2
32156,4
32157,4
32158,3
32159,3
32161,3
32162,3
32163,3
32164,3
32165,4
32166,3
32168,3
32169,3
32171,3
32172,2
32174,3
32175,3
32176,3
32177,1
32178,2
32179,3
32180,3
32181,4
32182,4
32183,3
32184,3
32185,3
32186,2
32187,4
32188,2
32190,3
32193,3
32194,4
32195,3
32196,2
32197,3
32198,2
32199,3
32201,3
32204,3
32205,3
32206,3
32207,3
32208,2
32210,3
32211,3
32212,3
32213,5
32214,4
32215,2
32216,3
32217,4
32219,5
32220,4
32222,3
32223,2
32225,4
32226,3
32227,3
32228,1
32229,3
32230,3
32231,2
32232,3
32233,3
32234,4
32235,2
32236,3
32237,3
32238,2
32239,4
32240,3
32241,3
32242,3
32243,4
32244,2
32245,2
32246,4
32247,1
32248,3
32249,2
32250,2
32251,5
32252,3
32253,3
32254,3
32255,3
32256,3
32258,3
32259,3
32263,4
32264,3
32265,3
32268,1
32269,5
32270,3
32271,4
32272,3
32274,3
32275,4
32276,4
32277,3
32278,3
32279,3
32280,5
32283,3
32284,3
32285,3
32286,3
32287,2
32288,4
32289,3
32290,3
32291,2
32292,2
32295,3
32296,2
32297,5
32298,4
32299,2
32302,3
32303,3
32304,4
32305,3
32306,4
32308,3
32309,3
32311,4
32312,5
32313,1
32314,3
32315,3
32316,3
32317,3
32318,2
32319,3
32321,3
32322,3
32324,3
32325,4
32326,3
32328,3
32329,2
32330,3
32331,3
32332,3
32334,1
32335,4
32336,2
32338,3
32339,3
32340,3
32341,3
32342,3
32343,3
32344,4
32345,4
32346,4
32347,3
32348,2
32349,3
32350,3
32351,4
32352,2
32353,2
32354,1
32355,5
32356,3
32357,1
32358,3
32359,3
32360,3
32361,5
32362,3
32363,3
32365,3
32366,3
32367,3
32368,2
32369,3
32370,3
32371,3
32373,3
32374,3
32375,2
32376,5
32377,3
32380,3
32383,2
32385,4
32386,4
32387,5
32389,3
32390,4
32391,4
32392,2
32393,3
32394,2
32396,3
32397,3
32399,2
32400,3
32401,1
32402,3
32403,3
32404,3
32405,3
32407,2
32408,2
32409,5
32410,4
32411,3
32412,4
32413,3
32414,3
32415,2
32416,5
32417,3
32418,4
32419,3
32421,3
32422,3
32423,3
32424,4
32426,4
32427,3
32429,3
32431,2
32432,3
32433,2
32434,3
32435,4
32436,3
32437,2
32439,5
32440,2
32442,3
32443,5
32444,4
32445,3
32446,3
32447,4
32448,4
32449,3
32450,2
32451,3
32452,2
32453,3
32454,4
32456,3
32457,3
32458,1
32459,3
32460,3
32461,3
32462,3
32463,3
32464,2
32465,3
32466,1
32467,4
32468,3
32469,4
32471,3
32472,4
32473,3
32474,3
32475,4
32476,2
32477,4
32478,3
32480,4
32481,3
32482,2
32483,3
32484,3
32485,3
32486,4
32489,4
32490,3
32491,3
32492,3
32493,2
32494,3
32495,3
32496,3
32497,3
32498,3
32499,3
32500,1
32501,4
32503,2
32504,4
32505,4
32506,5
32507,3
32508,3
32509,3
32510,3
32511,3
32512,4
32513,2
32514,3
32515,3
32517,2
32518,2
32519,3
32520,3
32521,4
32523,3
32524,2
32525,3
32526,3
32527,1
32528,3
32530,4
32531,3
32532,4
32533,4
32534,4
32535,3
32536,2
32537,1
32538,3
32539,3
32540,3
32541,4
32542,4
32543,3
32544,5
32545,3
32546,4
32547,4
32548,3
32549,2
32550,2
32551,3
32552,3
32554,2
32555,4
32556,4
32557,3
32558,3
32562,3
32564,3
32565,4
32567,4
32568,3
32569,3
32571,2
32573,3
32574,3
32576,3
32577,2
32578,2
32579,4
32580,4
32581,2
32582,1
32584,3
32585,1
32586,3
32587,4
32588,3
32589,2
32590,3
32591,3
32592,3
32594,2
32595,4
32596,3
32597,4
32598,5
32599,3
32601,3
32602,3
32603,1
32604,3
32606,4
32607,3
32608,3
32609,3
32610,3
32611,3
32613,1
32614,3
32615,2
32616,3
32617,3
32618,2
32620,3
32621,2
32622,3
32623,4
32624,3
32626,2
32627,4
32628,3
32629,2
32630,4
32631,5
32632,2
32633,4
32634,2
32635,3
32636,3
32637,5
32638,4
32639,4
32640,3
32642,2
32643,4
32644,5
32646,3
32647,2
32648,3
32649,3
32650,3
32651,4
32652,2
32653,3
32654,2
32655,3
32656,2
32659,3
32660,3
32661,2
32663,4
32664,4
32665,3
32666,4
32667,2
32669,4
32671,3
32674,3
32675,1
32676,3
32677,3
32678,5
32680,2
32681,3
32682,3
32683,2
32685,1
32686,3
32687,3
32688,3
32689,3
32692,3
32693,4
32694,3
32695,3
32696,3
32697,3
32698,3
32699,3
32700,3
32701,3
32702,3
32703,3
32704,4
32705,4
32706,3
32707,4
32709,3
32711,3
32712,3
32713,4
32715,1
32717,1
32718,1
32720,2
32721,3
32722,4
32723,4
32725,4
32726,4
32727,3
32728,4
32729,4
32730,3
32731,3
32732,3
32737,3
32738,4
32739,3
32741,2
32743,3
32744,2
32745,3
32747,1
32749,2
32750,3
32751,4
32752,4
32753,2
32754,2
32755,4
32757,3
32761,3
32763,1
32765,4
32767,3
32769,3
32770,3
32771,2
32773,3
32774,2
32775,2
32777,3
32778,3
32779,2
32780,4
32782,5
32783,4
32785,3
32787,3
32788,3
32789,3
32790,3
32791,3
32792,3
32793,4
32797,3
32798,3
32799,3
32800,4
32801,3
32803,3
32805,4
32807,3
32808,3
32809,3
32811,3
32812,3
32813,1
32816,5
32817,3
32818,4
32819,3
32820,4
32821,3
32823,3
32824,3
32827,3
32829,4
32830,2
32831,5
32832,2
32833,2
32834,3
32836,2
32837,4
32839,3
32840,2
32841,2
32842,4
32843,4
32845,3
32847,2
32848,3
32850,3
32853,3
32855,2
32857,3
32859,3
32862,4
32863,3
32864,1
32865,2
32866,3
32868,2
32869,4
32872,4
32875,2
32876,1
32880,3
32881,4
32885,3
32890,3
32891,4
32893,4
32897,3
32902,3
32903,3
32905,3
32907,4
32908,3
32911,3
32912,4
32913,3
32914,1
32915,4
32916,3
32917,3
32918,2
32920,3
32921,3
32922,3
32924,3
32926,4
32929,3
32930,2
32934,4
32937,4
32938,3
32939,4
32941,3
32944,3
32946,3
32947,2
32948,3
32949,3
32950,2
32951,3
32952,3
32954,3
32955,3
32956,1
32957,3
32958,4
32961,3
32962,3
32963,3
32964,4
32965,3
32967,3
32968,2
32969,3
32970,5
32971,3
32972,4
32973,4
32974,3
32975,3
32977,1
32980,3
32981,4
32982,3
32984,3
32985,3
32986,2
32987,2
32988,3
32989,4
32990,3
32992,4
32993,3
32995,3
32996,4
32997,4
32998,3
33000,2
33001,3
33002,4
33006,2
33007,4
33008,3
33009,3
33010,2
33015,2
33017,2
33018,3
33019,3
33020,3
33021,4
33022,3
33024,3
33025,3
33026,3
33027,4
33028,3
33029,4
33031,3
33032,3
33033,3
33034,3
33035,3
33037,4
33038,2
33043,3
33045,2
33046,3
33047,3
33048,4
33050,3
33051,4
33052,4
33053,4
33054,3
33055,5
33057,2
33058,2
33059,1
33060,3
33061,3
33064,2
33065,3
33066,3
33067,2
33069,3
33070,3
33071,3
33072,3
33073,4
33074,5
33075,3
33076,3
33077,2
33078,3
33079,1
33081,4
33082,3
33084,2
33085,4
33087,3
33088,4
33090,3
33091,3
33092,4
33096,4
33100,3
33101,4
33102,3
33103,4
33105,3
33106,3
33107,1
33108,5
33110,2
33112,1
33113,3
33114,2
33115,3
33116,4
33118,1
33119,3
33120,3
33121,2
33122,3
33123,4
33124,2
33125,3
33126,5
33127,2
33128,3
33130,3
33131,4
33133,2
33134,5
33135,3
33136,4
33137,3
33138,3
33141,3
33142,3
33144,3
33145,4
33146,4
33147,2
33148,2
33149,4
33150,3
33154,3
33155,4
33162,3
33163,3
33164,2
33165,2
33166,4
33167,4
33169,4
33170,4
33172,3
33177,3
33178,3
33179,2
33180,4
33181,3
33183,3
33184,3
33185,3
33186,4
33187,2
33190,3
33191,4
33192,2
33194,3
33196,2
33197,5
33198,3
33199,3
33201,3
33202,3
33204,3
33205,3
33206,3
33208,3
33210,4
33211,3
33212,3
33213,3
33214,3
33215,4
33216,3
33217,3
33218,3
33219,2
33220,2
33221,3
33223,3
33224,3
33225,5
33226,2
33227,2
33229,3
33232,4
33233,3
33236,3
33238,3
33239,4
33240,3
33241,3
33242,1
33245,3
33247,2
33248,3
33250,3
33252,2
33253,3
33254,2
33255,4
33256,4
33257,2
33258,5
33261,3
33264,3
33265,3
33266,3
33267,3
33269,4
33270,3
33271,3
33272,4
33275,3
33276,2
33278,4
33279,3
33280,3
33283,4
33285,3
33286,3
33287,3
33288,2
33290,3
33291,4
33293,3
33296,4
33297,4
33298,3
33299,3
33300,2
33301,3
33302,4
33303,4
33304,3
33307,2
33308,2
33309,2
33310,4
33311,5
33314,2
33315,3
33316,3
33317,3
33320,2
33321,2
33323,3
33324,3
33325,4
33326,4
33327,4
33328,1
33329,3
33330,3
33331,3
33332,3
33333,2
33334,3
33337,2
33338,2
33340,4
33341,3
33344,3
33345,4
33346,3
33347,4
33350,4
33351,1
33353,3
33354,3
33358,2
33362,3
33363,3
33364,3
33365,3
33366,3
33367,4
33369,3
33370,3
33371,3
33372,3
33374,2
33375,3
33376,2
33378,3
33379,3
33380,3
33381,3
33382,3
33383,5
33384,2
33385,4
33387,3
33389,2
33390,2
33391,3
33392,5
33393,4
33394,3
33395,3
33396,3
33401,2
33402,3
33403,4
33404,3
33405,2
33406,3
33411,3
33412,3
33413,3
33415,3
33416,3
33417,4
33419,4
33420,1
33422,3
33424,2
33425,1
33427,2
33428,3
33429,3
33430,3
33431,3
33432,3
33434,2
33435,3
33436,4
33466,3
33467,3
33468,3
33469,3
33470,4
33471,3
33472,3
33473,3
33474,3
33475,4
33476,3
33477,4
33478,4
33479,3
33480,3
33481,3
33482,3
33483,2
33484,4
33485,3
33486,3
33487,4
33488,3
33489,2
33491,4
33492,2
33493,2
33494,3
33495,3
33496,3
33497,2
33498,1
33499,3
33500,4
33501,2
33502,2
33503,3
33504,3
33506,4
33509,3
33510,3
33512,3
33515,4
33516,2
33517,3
33518,4
33519,3
33520,3
33521,3
33522,3
33523,3
33524,3
33525,4
33526,3
33527,3
33528,3
33529,4
33530,3
33531,3
33532,2
33533,3
33534,3
33536,2
33537,3
33538,3
33539,2
33546,1
33558,2
33559,3
33560,3
33563,3
33564,3
33565,3
33566,3
33567,3
33568,5
33569,1
33571,3
33574,3
33575,3
33576,3
33577,3
33578,3
33579,3
33580,3
33581,3
33582,2
33584,3
33585,5
33587,2
33588,3
33589,3
33590,3
33591,3
33592,2
33596,3
33597,4
33599,3
33600,4
33601,2
33602,4
33603,5
33604,1
33605,3
33606,3
33608,3
33609,5
33611,3
33613,3
33614,3
33615,3
33616,3
33617,3
33618,4
33619,3
33620,4
33622,4
33623,3
33625,3
33626,3
33627,3
33629,3
33632,1
33633,2
33634,5
33635,2
33636,4
33637,5
33641,3
33642,4
33643,3
33644,3
33646,3
33647,2
33648,3
33649,3
33650,3
33651,3
33654,4
33655,3
33656,3
33657,3
33664,4
33665,3
33667,3
33668,1
33670,2
33671,3
33673,4
33674,3
33675,3
33677,2
33678,5
33679,3
33680,2
33682,2
33683,3
33684,5
33685,3
33687,3
33688,3
33689,4
33690,2
33691,2
33692,3
33693,4
33694,2
33695,2
33696,3
33697,3
33698,4
33699,3
33700,2
33701,4
33702,3
33704,3
33705,4
33706,3
33707,4
33709,3
33710,4
33711,3
33713,3
33714,2
33715,4
33717,5
33718,2
33719,2
33720,2
33721,2
33722,4
33723,4
33725,5
33726,3
33727,3
33728,4
33729,3
33730,3
33731,3
33732,4
33733,5
33734,3
33736,3
33740,2
33742,4
33744,2
33747,2
33748,3
33749,3
33750,3
33751,2
33753,3
33754,3
33755,4
33757,1
33758,1
33759,5
33760,3
33761,2
33763,4
33764,4
33765,2
33767,3
33769,3
33770,4
33771,1
33772,3
33773,3
33774,3
33776,3
33777,3
33778,3
33779,3
33781,3
33782,3
33783,4
33784,3
33785,3
33787,3
33788,4
33790,3
33791,4
33792,3
33794,2
33795,3
33800,3
33801,3
33802,3
33803,3
33804,4
33805,3
33806,4
33807,4
33809,3
33810,3
33811,5
33813,3
33814,3
33815,2
33816,3
33817,3
33818,4
33819,3
33823,3
33824,3
33825,3
33829,4
33831,3
33834,4
33838,3
33839,5
33840,4
33841,5
33842,5
33843,4
33844,3
33845,3
33846,5
33847,3
33848,2
33849,2
33850,3
33851,2
33852,2
33853,3
33854,3
33855,3
33856,4
33858,2
33859,3
33860,4
33861,2
33862,2
33863,4
33864,3
33865,2
33867,3
33868,3
33869,2
33870,2
33871,3
33872,2
33873,4
33875,2
33877,2
33878,3
33879,3
33880,3
33881,3
33882,1
33886,4
33887,3
33889,4
33890,3
33892,2
33893,3
33894,4
33897,4
33898,4
33900,2
33901,3
33902,3
33904,2
33905,3
33906,4
33907,5
33908,4
33909,3
33910,2
33911,3
33912,3
33913,3
33914,2
33915,5
33917,3
33918,2
33920,4
33921,3
33922,3
33923,1
33924,4
33925,3
33926,2
33927,3
33928,3
33929,5
33930,3
33931,4
33933,3
33934,2
33935,2
33936,3
33941,5
33942,3
33944,3
33945,2
33946,3
33947,3
33948,3
33949,3
33950,3
33951,3
33952,2
33953,2
33955,5
33957,3
33958,3
33960,2
33961,3
33962,3
33963,2
33969,3
33970,3
33971,2
33972,3
33973,4
33974,4
33975,3
33976,4
33977,2
33978,5
33979,4
33980,2
33982,3
33983,2
33984,3
33986,3
33988,4
33990,5
33991,3
33992,3
33993,2
33994,2
33995,4
33996,3
33997,4
33998,3
34000,3
34002,4
34003,3
34004,3
34005,3
34006,3
34007,3
34008,3
34009,4
34010,2
34012,3
34014,4
34017,2
34018,4
34019,4
34020,3
34021,1
34023,2
34024,4
34025,4
34026,3
34027,2
34028,1
34029,3
34031,3
34032,3
34034,4
34035,4
34036,5
34037,3
34038,3
34039,4
34040,3
34041,4
34042,3
34043,2
34044,3
34045,3
34046,1
34047,5
34049,5
34050,2
34051,1
34052,3
34053,3
34054,3
34055,3
34056,2
34057,2
34060,2
34061,3
34062,4
34063,2
34064,2
34066,3
34067,3
34068,3
34069,4
34070,4
34072,2
34074,2
34075,3
34077,3
34078,3
34079,2
34080,3
34081,2
34083,4
34084,3
34085,2
34086,3
34087,2
34088,4
34090,3
34091,4
34092,3
34093,4
34094,3
34095,2
34096,3
34097,2
34098,3
34099,2
34100,3
34101,3
34102,4
34103,3
34104,3
34105,2
34108,2
34110,1
34111,4
34113,3
34114,2
34115,3
34116,2
34117,2
34118,3
34120,2
34122,3
34123,3
34124,3
34125,4
34126,4
34127,3
34128,3
34129,3
34130,5
34131,5
34132,3
34133,5
34134,2
34136,3
34137,3
34138,3
34139,3
34141,3
34142,2
34143,3
34145,3
34146,3
34148,5
34149,1
34150,3
34152,4
34153,4
34154,3
34155,4
34156,3
34157,4
34158,4
34159,3
34160,4
34161,3
34162,3
34163,1
34164,3
34165,3
34166,3
34167,3
34168,3
34171,1
34172,3
34173,3
34174,3
34176,4
34179,3
34182,4
34183,3
34184,3
34185,3
34186,2
34187,2
34188,3
34189,4
34190,3
34192,4
34193,2
34194,3
34195,3
34196,2
34197,1
34198,4
34199,4
34200,5
34201,5
34202,3
34203,2
34205,2
34206,3
34207,3
34208,2
34209,3
34211,4
34212,3
34213,4
34215,4
34217,3
34218,3
34221,3
34224,3
34225,5
34228,3
34230,4
34231,3
34232,4
34233,2
34234,3
34236,4
34237,3
34238,3
34239,2
34240,5
34241,4
34243,2
34248,3
34249,1
34252,2
34253,3
34254,3
34255,4
34257,3
34258,4
34259,4
34261,3
34262,4
34263,3
34264,4
34265,3
34266,3
34267,1
34268,3
34269,3
34270,3
34271,4
34273,3
34275,2
34276,2
34277,3
34278,2
34279,3
34280,3
34281,3
34282,4
34283,1
34285,2
34286,2
34287,4
34288,3
34289,2
34291,3
34292,3
34293,2
34294,2
34295,1
34296,2
34297,3
34298,4
34299,3
34300,4
34301,4
34302,3
34303,3
34304,4
34305,2
34306,3
34307,4
34309,5
34310,4
34311,3
34312,3
34313,4
34314,3
34315,3
34317,1
34319,4
34320,4
34321,1
34322,3
34324,2
34325,3
34327,3
34328,2
34329,3
34331,3
34332,3
34333,3
34334,4
34335,4
34336,4
34337,3
34338,5
34339,3
34341,1
34342,3
34343,2
34344,2
34345,4
34346,2
34347,3
34348,5
34349,3
34350,4
34351,3
34352,3
34353,2
34354,4
34355,2
34356,3
34357,3
34358,3
34359,3
34360,2
34361,4
34362,4
34363,3
34364,2
34365,2
34366,2
34367,4
34368,3
34369,3
34370,4
34371,3
34372,3
34373,2
34374,1
34375,3
34376,2
34377,3
34378,3
34379,3
34380,3
34381,3
34382,4
34383,3
34386,4
34388,3
34389,2
34390,3
34391,4
34392,3
34393,2
34394,3
34395,3
34396,3
34397,2
34398,4
34399,4
34400,2
34401,3
34402,3
34403,4
34404,4
34406,4
34407,2
34408,4
34409,3
34410,3
34411,2
34412,3
34413,5
34414,5
34415,2
34416,3
34417,3
34418,3
34419,5
34420,3
34421,4
34422,1
34423,4
34424,3
34425,4
34426,4
34427,2
34429,4
34430,3
34431,4
34432,3
34433,2
34435,3
34436,2
34437,2
34438,3
34439,2
34440,1
34441,2
34442,2
34443,3
34444,4
34445,2
34446,3
34447,5
34448,3
34449,2
34450,3
34451,3
34452,2
34453,3
34454,3
34455,3
34456,1
34457,2
34458,2
34459,3
34461,3
34462,2
34463,3
34464,3
34465,3
34466,4
34467,3
34468,3
34469,3
34470,3
34471,3
34472,3
34473,4
34475,3
34477,2
34478,4
34479,3
34480,3
34481,3
34482,3
34483,2
34484,2
34485,4
34486,1
34487,2
34488,4
34489,3
34490,3
34491,3
34492,2
34493,4
34494,3
34495,3
34496,3
34497,2
34498,2
34500,1
34501,2
34502,3
34503,4
34504,3
34505,3
34506,4
34507,3
34508,3
34511,3
34512,3
34513,3
34514,3
34515,3
34516,5
34517,4
34518,3
34519,4
34520,3
34521,3
34522,4
34523,3
34525,3
34526,1
34527,2
34528,4
34529,4
34530,3
34531,1
34532,3
34533,5
34534,3
34535,3
34536,4
34539,2
34542,2
34543,3
34545,2
34546,3
34547,4
34548,1
34549,4
34551,3
34555,2
34556,2
34557,3
34558,4
34560,3
34561,3
34562,3
34564,2
34565,5
34567,4
34568,3
34570,3
34571,3
34572,3
34573,4
34574,2
34575,3
34576,3
34577,3
34578,2
34579,2
34580,4
34581,4
34582,4
34583,2
34584,5
34585,2
34586,3
34587,2
34589,3
34590,4
34591,2
34592,2
34593,3
34594,3
34595,3
34596,3
34597,4
34598,2
34599,3
34600,4
34601,5
34602,4
34603,3
34604,4
34605,4
34607,3
34608,3
34609,2
34610,2
34611,3
34612,2
34613,3
34614,3
34615,4
34616,3
34617,3
34618,3
34619,3
34620,1
34621,3
34622,1
34623,3
34624,3
34625,4
34626,2
34627,2
34628,2
34629,3
34630,3
34631,3
34632,3
34633,3
34634,3
34635,5
34636,4
34637,1
34639,4
34640,3
34641,3
34642,2
34644,3
34649,3
34651,3
34652,2
34653,3
34654,3
34655,2
34656,4
34657,4
34658,2
34659,3
34660,5
34661,4
34663,3
34664,3
34665,5
34666,3
34668,3
34669,2
34670,2
34671,3
34672,4
34673,2
34674,2
34675,2
34676,4
34677,3
34678,4
34679,3
34681,3
34682,4
34683,2
34684,3
34685,3
34686,3
34687,2
34689,3
34690,3
34691,5
34692,2
34694,3
34695,2
34696,4
34697,4
34698,2
34699,3
34700,3
34701,3
34702,4
34703,4
34704,4
34705,3
34706,2
34707,3
34708,1
34711,3
34712,3
34713,3
34714,3
34715,4
34716,5
34717,4
34719,3
34720,3
34721,2
34722,3
34723,3
34724,2
34725,3
34727,3
34728,2
34729,2
34732,3
34735,2
34736,4
34737,4
34738,3
34739,3
34740,3
34742,4
34743,3
34744,2
34745,3
34746,3
34748,3
34751,2
34754,3
34755,3
34756,3
34757,3
34758,3
34759,4
34760,3
34761,3
34763,4
34764,3
34766,3
34768,3
34770,3
34772,3
34773,2
34775,2
34776,2
34777,4
34778,4
34779,5
34781,4
34782,3
34784,4
34785,4
34786,3
34787,3
34788,2
34789,3
34791,3
34792,3
34793,3
34794,5
34795,1
34796,3
34797,3
34798,4
34799,2
34801,3
34802,3
34804,3
34806,4
34807,3
34808,3
34810,3
34811,3
34812,3
34813,4
34815,3
34816,4
34817,2
34819,3
34821,3
34822,2
34823,3
34824,3
34827,4
34829,3
34830,5
34831,1
34832,3
34833,5
34834,3
34835,2
34836,3
34837,4
34838,3
34839,2
34840,2
34841,2
34842,3
34843,3
34846,1
34847,2
34848,3
34849,3
34850,3
34851,3
34852,3
34853,2
34854,4
34855,4
34856,4
34858,3
34859,3
34860,4
34862,4
34863,2
34865,2
34866,3
34869,3
34870,2
34871,5
34872,2
34875,1
34876,3
34879,3
34880,3
34881,3
34883,3
34884,4
34886,3
34887,3
34888,5
34889,4
34890,3
34891,3
34892,3
34898,3
34899,3
34900,3
34902,3
34903,3
34905,5
34906,2
34907,2
34908,3
34909,3
34910,2
34913,4
34914,3
34915,3
34916,3
34917,5
34918,3
34919,2
34920,4
34921,5
34922,1
34923,3
34925,3
34926,4
34927,4
34929,3
34930,3
34931,3
34932,3
34933,3
34935,3
34937,1
34938,4
34939,3
34940,2
34942,3
34944,2
34946,1
34948,3
34950,3
34951,3
34952,3
34953,3
34954,3
34955,3
34958,4
34960,4
34961,3
34962,3
34963,3
34964,3
34965,3
34966,3
34967,2
34968,3
34969,3
34970,4
34971,3
34972,3
34975,3
34976,3
34978,3
34979,3
34980,3
34981,3
34982,3
34983,5
34984,3
34985,3
34986,3
34987,3
34988,4
34989,4
34991,3
34993,2
34994,3
34995,5
34996,3
34997,2
34999,2
35000,2
35001,2
35002,4
35003,3
35004,2
35005,3
35006,4
35007,4
35008,3
35009,3
35010,2
35012,3
35014,2
35015,2
35016,4
35017,3
35018,5
35019,3
35020,2
35021,3
35022,3
35023,2
35024,3
35025,4
35026,3
35027,3
35028,3
35029,3
35030,3
35031,3
35032,4
35033,4
35034,2
35035,2
35036,2
35037,4
35038,4
35039,4
35040,3
35041,3
35042,4
35043,1
35044,3
35045,3
35047,4
35048,4
35049,3
35050,3
35051,3
35052,5
35053,3
35054,1
35055,3
35056,4
35057,3
35058,2
35060,2
35061,2
35062,4
35064,3
35066,4
35067,3
35068,3
35069,4
35070,3
35071,4
35072,2
35073,3
35074,3
35075,3
35076,3
35077,3
35078,3
35079,3
35080,2
35081,2
35082,2
35083,2
35084,4
35085,3
35086,2
35087,3
35088,3
35089,2
35090,3
35091,4
35092,3
35093,4
35094,4
35095,4
35096,4
35097,1
35098,3
35099,3
35100,1
35101,2
35102,4
35103,3
35104,3
35107,2
35109,3
35110,4
35112,3
35114,3
35115,3
35116,3
35117,4
35118,3
35120,3
35121,3
35122,2
35123,3
35124,2
35125,2
35126,3
35127,3
35128,2
35129,3
35130,3
35132,3
35133,4
35134,5
35135,3
35137,2
35138,3
35139,3
35140,2
35141,3
35143,3
35144,3
35146,5
35149,3
35150,4
35151,3
35152,3
35153,3
35154,2
35155,3
35156,3
35157,2
35159,2
35160,2
35161,2
35162,3
35163,4
35165,3
35166,3
35167,4
35168,3
35169,3
35171,2
35172,3
35173,4
35174,3
35175,4
35176,4
35177,2
35178,3
35179,5
35180,1
35181,4
35182,3
35183,3
35184,3
35185,5
35186,2
35187,3
35188,3
35189,3
35190,2
35191,2
35192,2
35193,3
35194,4
35196,4
35197,4
35198,3
35199,3
35200,2
35201,3
35202,3
35203,3
35204,2
35205,4
35206,3
35207,2
35208,3
35209,5
35210,3
35211,3
35212,1
35213,4
35214,5
35215,3
35216,3
35217,3
35218,3
35219,1
35220,2
35221,3
35222,3
35223,1
35224,3
35226,2
35227,3
35228,3
35229,2
35230,2
35231,3
35232,4
35234,3
35235,2
35236,2
35238,2
35239,3
35240,5
35243,4
35244,3
35245,3
35246,2
35247,2
35248,3
35249,3
35250,3
35251,1
35252,3
35253,5
35254,3
35255,3
35256,3
35257,2
35258,2
35259,3
35260,4
35261,3
35263,3
35264,3
35265,2
35266,3
35267,3
35268,3
35269,2
35270,3
35271,2
35272,2
35273,2
35274,3
35275,4
35276,3
35277,3
35278,3
35279,3
35280,3
35281,4
35282,4
35283,4
35284,2
35285,3
35286,2
35287,3
35288,3
35289,3
35290,3
35291,4
35292,4
35293,3
35294,2
35295,3
35296,4
35297,3
35298,5
35299,3
35300,3
35301,1
35302,3
35303,3
35304,3
35305,4
35306,3
35307,3
35308,3
35310,3
35313,3
35314,4
35315,3
35316,3
35317,3
35318,3
35319,1
35320,3
35321,3
35322,3
35323,3
35324,3
35325,3
35326,4
35327,4
35328,4
35329,3
35330,4
35331,4
35332,3
35333,2
35335,3
35336,4
35337,3
35338,3
35339,2
35340,4
35341,1
35342,4
35343,3
35344,4
35345,4
35346,5
35347,4
35348,3
35349,4
35350,4
35351,3
35352,3
35353,3
35354,3
35355,3
35356,3
35357,2
35358,3
35359,2
35360,3
35361,4
35363,3
35364,3
35365,2
35366,3
35367,3
35368,3
35369,3
35370,3
35371,4
35372,3
35373,4
35374,2
35375,4
35376,3
35377,3
35378,3
35379,3
35380,3
35381,2
35382,2
35383,3
35384,5
35385,3
35386,5
35387,2
35388,2
35389,3
35390,3
35391,3
35392,4
35393,4
35394,4
35395,3
35396,4
35397,4
35398,5
35399,4
35400,3
35401,3
35402,5
35403,4
35404,4
35405,2
35406,3
35407,2
35408,2
35409,3
35410,2
35411,5
35412,5
35413,2
35414,4
35416,3
35417,3
35418,3
35419,3
35420,1
35421,2
35422,3
35423,2
35424,2
35425,3
35426,3
35427,3
35429,3
35430,2
35431,3
35434,3
35435,5
35436,3
35437,2
35439,2
35440,4
35449,4
35450,5
35451,4
35453,3
35454,3
35455,3
35458,2
35459,4
35460,3
35462,3
35463,3
35464,2
35465,3
35467,3
35468,3
35469,4
35470,3
35471,3
35472,3
35473,2
35474,3
35475,3
35476,4
35477,4
35478,4
35479,1
35480,4
35481,4
35482,3
35483,3
35484,3
35485,3
35486,4
35487,5
35489,3
35490,4
35491,3
35492,3
35493,3
35494,4
35495,2
35496,3
35497,1
35499,5
35500,3
35501,3
35502,2
35503,2
35504,3
35505,2
35506,4
35507,4
35508,4
35509,3
35510,2
35511,3
35512,2
35513,4
35514,4
35515,2
35516,2
35517,1
35518,2
35519,3
35520,3
35521,2
35522,3
35523,3
35524,5
35525,5
35526,2
35527,2
35528,3
35529,3
35530,3
35531,2
35532,3
35533,3
35534,4
35535,4
35536,2
35537,2
35538,4
35539,3
35540,3
35541,4
35542,5
35543,3
35544,3
35545,4
35546,3
35547,4
35549,3
35550,2
35551,2
35552,3
35553,3
35554,3
35555,3
35556,3
35557,4
35558,3
35559,3
35560,4
35561,3
35563,5
35564,4
35565,3
35566,4
35567,3
35568,3
35569,4
35570,3
35571,3
35572,2
35573,3
35574,3
35576,3
35577,3
35578,3
35579,3
35580,3
35581,4
35582,3
35583,3
35584,3
35585,4
35586,3
35587,3
35588,3
35589,3
35590,3
35591,2
35592,2
35593,3
35594,3
35595,3
35597,3
35598,5
35599,3
35600,2
35601,2
35602,3
35603,3
35604,5
35605,3
35606,2
35607,3
35608,3
35609,3
35610,1
35611,4
35612,4
35613,2
35614,2
35615,3
35616,2
35617,3
35618,4
35619,3
35620,3
35621,1
35622,2
35623,3
35624,2
35625,3
35626,3
35627,2
35628,2
35629,3
35630,2
35631,2
35632,1
35633,5
35634,3
35635,1
35636,3
35637,1
35638,3
35639,3
35640,3
35641,1
35642,4
35643,2
35644,2
35645,3
35646,3
35647,3
35648,3
35649,2
35650,4
35651,3
35655,3
35656,3
35657,4
35658,3
35660,3
35661,3
35663,3
35664,3
35665,1
35666,3
35667,3
35668,2
35669,3
35670,2
35671,3
35672,3
35673,3
35674,3
35675,3
35676,5
35677,3
35678,3
35679,5
35680,3
35681,3
35682,3
35683,4
35684,2
35685,2
35686,2
35687,2
35688,3
35689,3
35690,3
35691,3
35692,5
35693,3
35694,3
35695,5
35696,4
35697,3
35698,3
35699,2
35700,2
35701,2
35702,4
35703,2
35704,5
35705,3
35706,3
35707,2
35708,2
35709,3
35710,3
35711,5
35712,2
35713,3
35714,3
35715,3
35716,5
35717,3
35718,3
35719,3
35720,4
35721,3
35722,3
35723,4
35724,4
35725,3
35726,2
35727,4
35728,3
35729,3
35731,3
35732,4
35733,2
35734,3
35735,3
35736,2
35737,4
35738,2
35739,4
35740,4
35741,4
35744,4
35746,4
35747,3
35748,4
35749,2
35750,3
35751,2
35752,3
35753,3
35754,5
35755,2
35756,3
35757,3
35758,3
35759,2
35760,2
35761,2
35762,3
35763,2
35765,1
35766,2
35767,4
35768,3
35769,3
35770,2
35771,3
35772,2
35773,3
35774,4
35775,3
35776,3
35777,3
35778,3
35779,2
35781,3
35782,4
35783,3
35784,3
35785,2
35786,3
35787,3
35788,3
35790,3
35791,3
35792,2
35793,3
35795,3
35797,1
35799,5
35800,4
35801,3
35802,2
35803,4
35804,4
35805,4
35806,3
35807,3
35808,5
35809,2
35810,3
35811,4
35813,3
35814,3
35815,3
35816,3
35817,4
35818,2
35819,5
35821,3
35822,3
35824,3
35825,3
35826,3
35827,3
35828,3
35829,3
35830,3
35831,3
35832,3
35833,3
35834,3
35835,3
35836,3
35837,4
35838,3
35839,3
35840,2
35841,4
35842,3
35843,2
35844,5
35845,1
35846,2
35847,3
35848,2
35849,3
35850,3
35851,3
35852,2
35853,3
35854,5
35855,3
35856,3
35858,3
35859,2
35861,3
35862,2
35864,2
35865,2
35866,3
35867,3
35868,3
35869,3
35870,2
35871,3
35873,4
35874,4
35875,3
35876,4
35877,3
35878,5
35879,3
35880,3
35881,4
35882,2
35883,4
35884,4
35885,3
35886,4
35887,2
35888,3
35889,3
35890,3
35891,3
35892,3
35893,5
35894,5
35895,3
35896,2
35897,3
35898,2
35899,2
35900,3
35901,2
35902,2
35903,3
35904,3
35906,3
35907,3
35908,3
35909,3
35910,3
35911,4
35913,4
35914,2
35916,3
35917,5
35918,2
35919,3
35920,2
35921,3
35922,5
35923,3
35924,2
35925,3
35926,5
35927,3
35928,2
35929,3
35930,1
35932,2
35933,3
35934,1
35936,3
35937,2
35938,3
35939,3
35940,3
35941,3
35942,2
35943,2
35944,3
35945,3
35946,4
35947,5
35948,3
35949,3
35950,3
35951,3
35952,3
35953,3
35954,5
35955,4
35956,3
35957,2
35958,3
35959,3
35960,4
35961,2
35963,1
35964,3
35967,3
35968,3
35969,3
35971,3
35972,3
35973,3
35974,2
35976,4
35977,4
35978,3
35979,4
35980,3
35981,4
35982,4
35983,4
35984,3
35985,3
35986,3
35987,3
35988,2
35989,4
35990,3
35992,3
35993,3
35994,4
35995,5
35996,4
35997,3
35998,3
35999,3
36000,4
36001,4
36002,3
36003,3
36004,3
36005,3
36006,2
36007,3
36008,2
36009,2
36010,3
36011,5
36013,3
36014,3
36015,1
36016,4
36017,3
36018,4
36019,2
36020,2
36022,3
36023,2
36024,4
36025,3
36026,2
36027,4
36028,3
36029,3
36030,2
36031,3
36033,2
36034,3
36035,4
36036,3
36037,3
36038,1
36039,3
36040,3
36041,2
36042,3
36043,3
36045,4
36046,3
36048,4
36049,3
36050,3
36051,4
36052,3
36053,4
36054,3
36056,2
36058,4
36059,3
36060,3
36061,5
36062,2
36063,3
36064,2
36065,3
36066,4
36067,2
36068,3
36069,3
36070,3
36071,4
36072,3
36073,4
36074,2
36075,5
36076,3
36077,3
36078,4
36079,2
36080,2
36081,2
36082,3
36083,2
36084,2
36085,3
36087,4
36088,3
36089,3
36090,3
36092,3
36093,3
36094,3
36095,3
36097,3
36098,3
36099,3
36100,3
36101,5
36102,4
36104,4
36105,3
36106,3
36108,3
36109,2
36110,3
36111,2
36112,3
36113,3
36114,3
36115,5
36116,2
36117,1
36118,3
36119,2
36120,3
36121,4
36122,3
36123,2
36124,2
36125,2
36126,3
36127,1
36128,4
36129,2
36130,3
36131,2
36132,3
36133,2
36134,4
36135,2
36136,4
36137,4
36138,3
36139,4
36140,3
36141,3
36142,3
36144,3
36146,5
36147,5
36148,2
36149,3
36151,4
36152,2
36154,3
36155,2
36156,2
36157,2
36158,3
36159,2
36160,5
36161,2
36162,4
36163,4
36164,3
36165,4
36166,3
36167,1
36168,2
36169,2
36170,3
36171,3
36172,3
36173,3
36174,4
36175,3
36176,1
36177,3
36179,2
36180,2
36181,3
36182,3
36183,4
36184,4
36185,4
36186,2
36187,3
36188,4
36189,4
36190,4
36191,2
36192,2
36194,3
36195,3
36196,3
36197,2
36198,4
36199,2
36200,3
36201,4
36202,3
36203,2
36204,3
36205,3
36206,4
36207,3
36208,3
36214,3
36216,2
36218,3
36219,2
36220,3
36222,3
36223,3
36224,4
36226,4
36228,3
36229,3
36230,2
36232,3
36234,3
36235,3
36236,3
36237,3
36238,3
36239,3
36241,5
36242,3
36244,2
36246,2
36248,2
36250,3
36252,3
36253,1
36254,3
36256,2
36258,2
36259,1
36262,3
36263,3
36264,3
36265,2
36266,4
36267,2
36268,3
36269,3
36270,4
36271,3
36272,3
36273,4
36274,2
36276,2
36277,3
36278,3
36279,2
36280,3
36281,4
36282,4
36284,3
36286,3
36287,3
36288,3
36290,3
36291,3
36292,3
36294,3
36295,3
36296,3
36298,2
36299,3
36300,3
36301,3
36302,3
36303,3
36305,3
36307,3
36309,4
36310,3
36311,3
36313,3
36314,3
36315,3
36316,1
36317,2
36318,4
36320,3
36321,3
36322,3
36324,3
36326,4
36328,4
36330,4
36331,3
36333,4
36334,3
36335,4
36336,3
36337,2
36338,4
36339,4
36340,4
36341,4
36342,3
36343,1
36344,3
36345,3
36346,3
36347,4
36349,4
36351,4
36353,3
36354,2
36355,2
36357,3
36358,3
36361,4
36364,4
36366,3
36367,3
36368,3
36370,3
36371,3
36372,4
36373,3
36374,3
36375,4
36376,3
36377,3
36378,3
36379,3
36380,3
36381,1
36382,2
36383,4
36385,3
36386,3
36387,4
36388,4
36389,3
36391,3
36392,5
36393,3
36394,2
36395,3
36397,3
36399,2
36400,2
36401,3
36403,4
36409,2
36415,2
36429,3
36432,5
36433,3
36434,3
36439,3
36440,3
36441,3
36442,5
36443,2
36444,3
36445,4
36446,3
36447,3
36448,5
36450,3
36451,4
36452,3
36453,2
36454,3
36455,2
36456,3
36457,2
36458,2
36459,2
36460,3
36461,4
36462,3
36463,4
36464,4
36465,4
36466,3
36467,3
36468,2
36469,4
36470,3
36471,3
36472,3
36473,1
36474,2
36475,4
36476,3
36477,3
36478,3
36479,5
36480,3
36481,4
36482,4
36484,4
36485,4
36486,3
36487,4
36488,5
36489,3
36490,3
36491,3
36492,3
36493,4
36494,3
36495,4
36496,1
36497,4
36498,3
36499,2
36500,2
36501,2
36502,2
36503,4
36504,2
36505,3
36507,3
36508,4
36509,3
36510,3
36511,3
36512,4
36513,2
36514,3
36515,3
36516,3
36517,1
36518,3
36519,5
36520,2
36521,3
36522,3
36523,3
36524,3
36525,3
36526,3
36528,2
36529,3
36530,2
36531,2
36532,4
36533,1
36534,2
36535,3
36536,2
36537,3
36538,2
36539,3
36540,2
36541,3
36542,4
36543,3
36544,3
36545,2
36546,2
36547,2
36548,4
36549,4
36550,3
36551,3
36552,3
36553,4
36554,5
36555,3
36557,3
36559,4
36560,3
36561,2
36562,4
36563,4
36564,2
36565,3
36566,3
36567,2
36568,3
36569,3
36570,2
36571,3
36572,2
36573,2
36574,4
36575,2
36576,3
36577,1
36578,3
36579,4
36580,4
36581,2
36582,3
36583,4
36584,4
36585,3
36586,2
36587,2
36588,2
36589,5
36590,4
36591,3
36592,2
36593,3
36594,3
36595,4
36596,3
36597,4
36598,2
36599,2
36600,2
36601,2
36602,3
36603,2
36604,3
36605,3
36606,3
36607,4
36608,3
36609,3
36610,2
36611,3
36612,4
36614,4
36615,3
36616,4
36617,3
36618,3
36620,5
36621,3
36622,2
36623,3
36624,3
36625,4
36626,5
36627,3
36628,3
36630,3
36631,4
36632,3
36633,2
36634,3
36635,3
36636,4
36637,4
36638,1
36642,2
36644,3
36645,1
36646,3
36647,1
36648,3
36649,3
36650,2
36651,3
36652,3
36655,3
36658,3
36659,1
36661,4
36662,2
36663,3
36664,4
36665,3
36666,1
36667,4
36668,4
36675,3
36679,2
36681,3
36683,2
36684,3
36686,4
36687,3
36688,3
36689,4
36690,4
36691,4
36692,3
36693,2
36695,3
36696,3
36697,3
36698,3
36699,4
36700,4
36701,3
36702,5
36703,5
36704,1
36705,3
36706,4
36707,2
36708,3
36709,3
36710,3
36711,2
36712,1
36713,3
36714,3
36715,3
36716,4
36717,1
36718,3
36719,3
36720,1
36721,4
36722,3
36723,3
36724,2
36725,2
36726,3
36727,2
36728,3
36729,3
36730,3
36731,3
36732,1
36733,3
36734,3
36735,3
36736,2
36737,3
36738,3
36740,2
36741,1
36742,1
36743,2
36744,2
36745,3
36746,4
36747,4
36748,3
36749,3
36750,3
36751,3
36752,2
36753,5
36754,3
36756,3
36757,3
36758,2
36759,3
36761,5
36762,3
36763,4
36764,3
36766,3
36767,3
36768,4
36769,3
36770,4
36772,4
36773,2
36774,4
36775,4
36776,3
36777,3
36778,3
36779,3
36780,4
36781,4
36782,3
36783,3
36784,3
36785,3
36786,3
36787,3
36788,4
36789,3
36790,4
36792,3
36793,3
36794,2
36795,3
36796,1
36797,3
36798,2
36799,4
36800,2
36801,2
36802,3
36803,2
36804,3
36805,4
36806,4
36807,4
36808,2
36809,4
36810,4
36811,3
36812,2
36813,3
36814,3
36815,5
36816,3
36817,3
36818,3
36819,4
36821,2
36822,2
36825,3
36827,3
36829,3
36833,5
36834,3
36835,3
36836,2
36837,3
36838,3
36839,4
36840,4
36841,3
36842,4
36843,4
36844,3
36845,3
36846,3
36847,2
36848,4
36849,5
36850,3
36851,2
36852,3
36853,3
36854,2
36855,4
36856,3
36857,3
36858,2
36859,3
36860,4
36861,1
36862,3
36863,3
36864,4
36865,2
36866,3
36867,2
36868,3
36869,4
36870,4
36871,3
36872,3
36873,3
36875,3
36876,1
36877,2
36878,3
36879,2
36880,3
36881,4
36883,2
36884,3
36885,4
36886,3
36887,3
36888,4
36890,3
36892,3
36893,3
36894,4
36895,3
36896,1
36897,3
36898,4
36900,3
36901,3
36902,3
36903,3
36904,3
36905,3
36906,2
36908,4
36909,3
36910,3
36911,2
36912,3
36913,2
36914,3
36915,5
36916,4
36917,2
36918,3
36919,3
36921,1
36922,2
36923,3
36924,5
36925,2
36926,4
36927,4
36928,2
36929,2
36930,3
36931,2
36932,3
36933,3
36934,4
36935,4
36936,3
36937,2
36938,3
36939,4
36940,2
36941,4
36942,3
36943,4
36944,4
36945,3
36946,3
36947,3
36948,1
36949,3
36950,3
36951,3
36952,3
36953,3
36955,2
36956,4
36957,3
36958,5
36959,1
36960,3
36961,3
36962,2
36963,4
36964,1
36965,3
36966,3
36967,3
36968,4
36969,4
36970,3
36971,3
36972,4
36974,4
36975,3
36976,4
36978,4
36979,3
36980,2
36981,3
36982,3
36983,3
36984,2
36985,4
36986,3
36988,2
36989,3
36991,3
36993,1
36996,3
36997,3
36998,2
36999,4
37002,3
37003,5
37004,3
37005,3
37006,2
37011,4
37012,4
37013,3
37014,3
37015,2
37016,3
37017,1
37018,3
37019,4
37020,3
37021,2
37022,3
37024,3
37025,3
37026,2
37027,3
37028,3
37029,4
37030,3
37031,3
37032,1
37033,3
37034,2
37035,2
37036,3
37037,3
37038,2
37039,3
37040,4
37041,3
37042,3
37043,3
37044,3
37045,2
37046,4
37047,2
37048,4
37049,3
37050,3
37052,2
37053,4
37054,2
37055,3
37056,2
37057,3
37058,2
37059,2
37060,3
37061,2
37062,4
37063,3
37064,3
37065,3
37066,2
37067,2
37068,2
37069,3
37070,2
37071,4
37072,3
37073,3
37074,3
37075,4
37076,4
37077,5
37078,3
37080,4
37081,3
37082,3
37083,2
37084,3
37085,4
37086,5
37087,2
37088,1
37089,3
37090,3
37091,3
37092,2
37093,2
37094,2
37095,2
37096,1
37097,4
37098,4
37099,3
37100,3
37101,4
37102,3
37103,2
37104,2
37105,1
37106,3
37107,3
37109,3
37110,5
37111,2
37112,5
37113,3
37114,3
37115,2
37116,3
37117,4
37118,3
37119,3
37120,4
37121,3
37122,4
37123,4
37124,3
37125,3
37126,4
37127,3
37128,3
37129,4
37130,3
37131,2
37132,3
37133,4
37134,3
37135,1
37136,2
37137,3
37138,4
37139,3
37141,3
37148,3
37151,3
37152,2
37153,4
37154,3
37155,1
37156,3
37157,1
37158,2
37159,3
37160,4
37161,4
37163,3
37164,4
37165,5
37166,4
37167,4
37168,3
37169,3
37170,2
37171,3
37172,2
37174,4
37175,3
37176,3
37177,4
37178,2
37179,2
37180,3
37181,3
37182,3
37183,3
37184,3
37185,3
37186,3
37187,3
37188,1
37189,2
37190,3
37191,2
37192,3
37193,2
37195,3
37197,4
37198,3
37200,3
37201,3
37202,3
37203,5
37204,3
37205,3
37206,3
37207,3
37208,3
37210,2
37211,3
37212,4
37213,3
37215,4
37216,3
37217,4
37218,3
37219,2
37221,3
37222,3
37223,3
37224,3
37225,2
37226,3
37227,2
37228,3
37229,3
37230,4
37231,4
37232,5
37233,3
37234,2
37235,3
37238,4
37239,4
37240,4
37241,3
37242,3
37243,3
37245,3
37246,5
37247,3
37248,3
37250,3
37251,4
37254,3
37255,4
37256,3
37257,2
37258,2
37259,3
37260,2
37261,3
37262,1
37263,3
37264,3
37265,3
37266,3
37267,4
37269,2
37270,4
37271,1
37272,3
37274,3
37275,1
37276,3
37277,2
37278,4
37279,3
37280,3
37281,3
37282,4
37283,4
37284,5
37285,3
37286,3
37288,4
37289,2
37290,3
37292,3
37295,4
37296,1
37297,2
37298,3
37299,3
37300,4
37301,4
37302,4
37303,1
37304,3
37305,3
37306,3
37307,2
37308,3
37309,2
37310,2
37311,2
37312,3
37313,3
37314,2
37315,4
37316,4
37317,3
37318,4
37319,3
37320,3
37321,3
37322,2
37323,2
37324,4
37325,3
37326,3
37327,3
37328,3
37330,3
37331,5
37332,4
37333,3
37334,4
37335,3
37336,3
37337,3
37338,5
37339,2
37340,3
37341,4
37342,3
37343,5
37344,3
37345,3
37346,2
37347,2
37348,4
37350,3
37351,1
37352,2
37354,4
37356,3
37357,2
37358,3
37361,1
37362,3
37363,4
37364,3
37365,2
37366,2
37367,4
37368,3
37369,2
37370,3
37371,4
37372,3
37373,3
37374,3
37375,3
37376,3
37377,2
37378,4
37379,5
37380,2
37381,3
37382,3
37383,3
37384,4
37386,1
37387,1
37388,3
37389,1
37390,4
37391,3
37392,5
37393,3
37394,3
37395,2
37396,3
37397,3
37399,3
37400,3
37401,2
37402,2
37405,3
37406,3
37408,2
37409,3
37410,4
37411,4
37412,4
37415,3
37418,1
37419,4
37422,2
37423,3
37424,3
37426,4
37427,5
37428,3
37429,2
37431,3
37434,3
37436,3
37437,3
37438,3
37439,3
37440,3
37442,3
37444,4
37445,4
37446,4
37447,2
37449,3
37452,2
37453,5
37455,2
37456,2
37457,3
37458,3
37460,3
37461,3
37462,4
37463,2
37467,4
37468,3
37469,4
37471,3
37472,3
37474,3
37475,3
37477,2
37481,3
37485,3
37486,5
37487,3
37489,3
37491,4
37493,3
37494,1
37497,2
37498,2
37499,3
37500,2
37501,3
37502,3
37503,2
37504,5
37505,4
37506,3
37507,3
37508,3
37509,4
37510,3
37511,2
37512,3
37513,3
37515,5
37516,2
37517,3
37518,3
37519,4
37521,4
37524,3
37525,3
37526,4
37527,2
37528,4
37529,2
37530,3
37531,3
37533,3
37534,3
37535,3
37536,4
37537,3
37538,1
37539,4
37540,3
37541,3
37542,2
37543,3
37544,5
37545,2
37546,3
37547,2
37548,3
37549,2
37550,2
37551,3
37555,5
37556,2
37557,4
37558,4
37559,5
37560,3
37561,2
37562,3
37563,1
37564,3
37565,2
37566,4
37567,3
37568,2
37572,3
37573,3
37574,3
37575,3
37576,3
37577,4
37578,2
37580,3
37581,3
37582,4
37583,3
37584,4
37586,2
37587,2
37588,3
37589,3
37590,3
37591,3
37592,3
37593,2
37596,4
37597,3
37598,3
37599,3
37600,4
37601,2
37602,4
37604,4
37605,3
37606,3
37608,4
37609,2
37610,2
37611,2
37612,3
37613,1
37614,4
37615,4
37616,1
37617,2
37618,4
37620,3
37621,3
37622,2
37624,2
37625,1
37626,3
37627,3
37628,4
37629,3
37630,3
37631,3
37632,2
37633,4
37634,4
37635,2
37636,3
37638,3
37639,4
37640,4
37641,1
37643,4
37644,3
37645,2
37646,3
37647,3
37648,4
37649,4
37650,3
37651,1
37652,3
37653,2
37654,4
37655,4
37656,4
37657,3
37658,4
37659,2
37660,3
37661,3
37663,2
37664,2
37665,3
37666,3
37667,2
37668,3
37669,3
37671,3
37672,2
37673,3
37674,3
37675,3
37677,3
37678,3
37679,3
37680,3
37681,4
37682,3
37683,3
37684,4
37685,2
37686,3
37687,2
37689,3
37691,3
37692,3
37693,3
37695,3
37696,4
37697,3
37698,3
37699,3
37700,2
37701,3
37702,3
37703,4
37704,4
37705,4
37708,3
37709,4
37710,3
37711,4
37712,4
37714,3
37715,3
37716,3
37720,2
37721,2
37722,4
37724,3
37725,3
37727,3
37728,3
37729,4
37731,5
37732,3
37733,2
37734,3
37736,2
37737,2
37738,3
37739,3
37742,4
37744,3
37745,1
37747,1
37748,3
37749,3
37750,4
37751,4
37753,4
37754,3
37755,3
37756,2
37757,3
37758,3
37759,3
37761,3
37762,2
37763,3
37766,3
37767,3
37769,2
37770,4
37771,3
37772,3
37773,3
37774,3
37776,3
37777,2
37778,5
37779,5
37780,3
37783,2
37785,2
37786,3
37787,3
37788,3
37791,3
37792,3
37793,5
37794,3
37795,3
37796,3
37798,1
37799,3
37801,3
37802,4
37804,3
37805,4
37806,3
37807,3
37808,2
37809,3
37810,3
37811,3
37812,4
37814,4
37815,3
37816,1
37817,3
37818,3
37820,3
37822,2
37823,3
37824,3
37826,3
37827,4
37828,1
37829,2
37830,2
37832,5
37833,5
37834,3
37837,3
37838,3
37840,3
37841,3
37842,3
37843,4
37844,5
37845,3
37846,2
37847,3
37848,2
37849,3
37850,3
37851,3
37852,2
37853,4
37854,2
37855,2
37857,4
37858,3
37859,2
37860,4
37861,4
37864,4
37865,2
37867,3
37868,5
37869,3
37871,2
37872,3
37873,3
37874,2
37875,4
37876,4
37877,2
37879,2
37880,4
37881,3
37883,4
37884,3
37885,3
37886,2
37887,3
37888,3
37889,4
37890,3
37891,4
37892,3
37893,3
37894,3
37895,3
37896,3
37897,4
37898,3
37899,3
37901,3
37902,3
37903,2
37904,3
37905,3
37906,3
37907,3
37908,4
37910,3
37911,4
37912,3
37913,3
37915,1
37916,3
37917,3
37918,3
37919,3
37920,3
37921,2
37922,3
37923,4
37925,3
37926,3
37927,3
37928,1
37930,2
37931,3
37932,3
37933,3
37934,3
37935,3
37936,3
37937,4
37938,2
37939,2
37941,3
37942,3
37943,4
37944,3
37945,3
37946,4
37947,3
37948,3
37949,4
37950,5
37951,3
37952,4
37953,2
37955,2
37956,3
37957,3
37958,3
37959,3
37960,5
37961,3
37962,4
37963,3
37964,2
37966,4
37967,2
37968,2
37969,2
37970,2
37971,3
37972,3
37973,2
37974,3
37977,3
37978,4
37980,2
37981,3
37982,2
37983,5
37984,3
37985,2
37987,2
37989,3
37990,5
37991,4
37992,4
37993,3
37994,4
37995,4
37996,3
37997,3
37998,2
38000,3
38001,2
38002,5
38005,2
38006,3
38008,3
38009,3
38010,3
38012,2
38013,3
38014,1
38016,4
38017,3
38018,2
38019,3
38021,3
38022,3
38023,3
38024,3
38027,3
38028,2
38030,3
38031,3
38033,3
38034,5
38035,2
38036,3
38037,3
38039,3
38040,2
38041,4
38042,3
38043,3
38045,5
38046,3
38047,5
38049,5
38052,3
38053,3
38054,3
38055,2
38057,3
38058,2
38062,3
38063,4
38064,3
38065,3
38066,4
38067,4
38068,3
38069,2
38070,3
38071,2
38072,3
38073,2
38074,3
38075,3
38076,4
38077,4
38079,4
38082,4
38083,3
38085,3
38086,3
38089,3
38092,3
38094,3
38095,3
38096,3
38097,3
38098,3
38099,3
38101,2
38102,2
38104,3
38105,2
38106,3
38108,3
38109,3
38110,3
38111,4
38113,3
38114,3
38115,3
38116,3
38118,3
38119,3
38120,1
38122,3
38124,3
38125,3
38127,3
38129,3
38130,3
38131,4
38132,1
38133,3
38134,2
38135,3
38137,3
38138,4
38139,3
38140,4
38141,3
38142,3
38143,3
38144,3
38145,3
38146,5
38147,5
38148,5
38151,4
38152,2
38153,3
38154,4
38155,4
38156,3
38158,2
38159,3
38160,3
38161,4
38162,2
38164,2
38165,3
38166,4
38168,2
38169,3
38170,3
38171,4
38172,3
38173,3
38174,3
38175,3
38176,3
38177,3
38178,2
38181,3
38182,3
38183,5
38184,3
38187,3
38188,3
38190,3
38191,3
38192,3
38193,4
38196,4
38197,3
38198,4
38199,1
38200,3
38201,4
38203,3
38204,1
38205,2
38206,3
38207,3
38208,3
38209,3
38210,3
38212,3
38213,3
38214,5
38215,3
38216,3
38217,3
38218,3
38219,1
38220,3
38221,3
38223,4
38224,3
38225,3
38226,3
38228,2
38229,3
38230,5
38231,3
38232,4
38233,2
38234,3
38235,5
38236,3
38237,1
38238,1
38239,3
38240,4
38241,3
38243,3
38245,2
38246,3
38247,3
38248,3
38249,2
38250,3
38251,3
38252,2
38253,3
38254,4
38255,2
38256,2
38257,4
38258,3
38259,3
38260,4
38262,3
38264,4
38265,3
38267,1
38268,3
38269,3
38270,4
38271,4
38272,4
38273,3
38274,1
38275,3
38276,4
38277,3
38278,3
38279,3
38280,3
38281,2
38282,3
38283,2
38284,2
38285,3
38286,4
38287,3
38288,3
38289,2
38290,4
38292,4
38294,3
38295,1
38296,3
38297,3
38298,4
38299,4
38300,3
38301,4
38302,3
38304,4
38305,1
38306,3
38307,3
38308,3
38309,3
38310,3
38311,4
38312,3
38314,3
38315,4
38316,3
38317,3
38318,3
38319,3
38320,3
38321,2
38322,4
38323,3
38324,3
38325,4
38326,2
38327,3
38328,3
38329,3
38330,4
38331,3
38332,5
38333,2
38334,3
38335,3
38336,3
38337,1
38338,1
38340,2
38341,3
38342,3
38343,2
38344,2
38345,3
38346,3
38347,4
38348,1
38349,3
38350,3
38351,4
38352,3
38353,3
38354,4
38356,3
38357,3
38358,3
38359,2
38360,2
38361,3
38362,4
38363,3
38364,3
38365,2
38366,3
38367,2
38368,4
38369,4
38370,3
38371,4
38372,4
38373,3
38374,3
38375,3
38376,3
38377,3
38378,3
38379,3
38380,3
38381,4
38383,4
38384,4
38385,2
38386,2
38387,2
38388,5
38389,2
38390,3
38391,4
38392,2
38393,1
38394,3
38395,3
38397,3
38398,3
38399,2
38400,2
38401,4
38402,4
38403,5
38404,3
38405,2
38406,4
38407,4
38408,3
38409,2
38411,3
38412,3
38413,3
38414,3
38415,4
38416,3
38417,4
38418,4
38419,3
38420,3
38421,3
38422,2
38423,4
38424,3
38425,4
38426,3
38427,2
38428,4
38429,2
38431,3
38432,3
38433,3
38434,3
38435,3
38436,3
38437,2
38438,3
38439,3
38440,3
38441,4
38443,5
38444,3
38446,3
38448,2
38449,4
38450,3
38451,3
38452,3
38453,3
38454,3
38455,3
38456,3
38457,4
38458,5
38459,3
38460,2
38461,2
38463,3
38464,1
38465,3
38466,3
38468,3
38469,3
38470,2
38473,1
38474,3
38475,3
38476,1
38477,3
38478,4
38479,4
38480,5
38481,3
38482,3
38484,3
38485,2
38486,3
38487,3
38488,4
38489,4
38490,2
38491,4
38492,3
38495,4
38496,3
38497,2
38498,3
38499,2
38500,2
38501,2
38502,5
38503,3
38504,3
38505,4
38507,3
38508,4
38509,2
38510,3
38512,3
38513,3
38514,4
38515,2
38516,2
38521,3
38522,4
38523,4
38524,4
38525,3
38526,3
38527,4
38528,4
38529,3
38530,4
38532,3
38533,4
38534,5
38535,3
38536,3
38537,1
38538,4
38539,2
38540,3
38541,2
38542,3
38543,3
38544,3
38545,1
38546,4
38547,3
38548,2
38549,3
38550,2
38551,3
38552,2
38553,3
38554,4
38555,2
38556,2
38557,3
38558,5
38560,3
38561,3
38562,2
38563,4
38564,3
38565,3
38566,3
38567,2
38568,2
38574,3
38575,2
38576,4
38578,3
38579,3
38580,4
38581,4
38582,3
38583,3
38584,3
38585,3
38586,3
38587,1
38588,4
38589,2
38590,4
38591,3
38592,3
38593,4
38594,3
38595,3
38598,3
38599,3
38601,3
38602,3
38603,3
38604,3
38605,4
38607,3
38608,4
38609,3
38610,4
38611,2
38612,4
38613,2
38614,2
38615,2
38616,2
38617,2
38618,2
38619,3
38621,3
38622,3
38623,3
38624,3
38625,3
38627,4
38628,4
38630,5
38632,3
38633,3
38634,1
38635,3
38636,5
38637,3
38638,1
38639,4
38640,3
38641,3
38642,3
38643,3
38644,3
38645,3
38647,3
38648,4
38649,5
38650,4
38651,3
38652,3
38653,3
38656,3
38659,3
38660,1
38661,3
38662,3
38663,3
38664,3
38665,3
38666,1
38667,3
38668,2
38669,3
38670,3
38672,4
38673,4
38674,3
38675,4
38676,3
38677,3
38678,3
38679,3
38680,3
38682,2
38683,3
38684,4
38685,3
38686,3
38687,4
38689,5
38690,3
38691,2
38692,3
38693,3
38697,3
38698,3
38699,3
38700,3
38701,1
38704,2
38705,5
38706,3
38707,3
38708,4
38709,3
38710,3
38711,2
38712,2
38713,4
38714,2
38715,3
38716,3
38717,3
38719,2
38720,3
38721,3
38722,1
38723,3
38724,3
38725,3
38726,3
38727,4
38728,5
38729,3
38730,3
38731,2
38732,4
38733,3
38734,3
38735,3
38736,1
38737,3
38738,4
38739,4
38741,2
38742,3
38743,3
38744,3
38745,3
38747,3
38748,2
38749,4
38750,3
38752,3
38753,1
38754,3
38755,2
38756,3
38757,3
38758,3
38759,3
38761,4
38762,3
38763,3
38764,3
38765,4
38767,4
38768,3
38769,3
38770,3
38771,3
38772,3
38773,2
38774,4
38775,3
38776,3
38777,3
38778,3
38779,3
38780,3
38781,3
38782,3
38784,3
38785,3
38788,4
38789,3
38791,3
38796,3
38797,2
38798,3
38800,4
38801,4
38802,3
38803,4
38804,3
38805,3
38806,3
38807,3
38809,3
38810,4
38811,3
38812,3
38813,4
38814,3
38815,3
38817,3
38818,3
38819,3
38820,3
38821,4
38822,3
38823,3
38824,2
38825,4
38826,3
38828,3
38829,3
38830,2
38834,4
38837,1
38838,4
38839,1
38840,3
38841,5
38842,3
38844,3
38845,3
38846,1
38847,3
38848,3
38850,4
38852,4
38854,3
38855,3
38856,2
38857,3
38858,4
38861,3
38863,3
38864,2
38865,3
38867,2
38868,2
38869,2
38870,3
38871,5
38872,4
38873,2
38874,4
38875,3
38876,2
38877,2
38878,4
38880,3
38881,3
38884,2
38885,5
38886,3
38888,3
38889,2
38890,1
38891,3
38892,3
38893,3
38894,3
38895,3
38896,3
38897,5
38898,5
38900,3
38902,3
38903,2
38905,3
38906,3
38907,3
38908,3
38909,2
38911,1
38912,2
38913,3
38914,3
38915,3
38916,3
38919,4
38920,3
38921,3
38925,3
38926,3
38928,4
38929,3
38930,3
38931,1
38932,3
38933,2
38934,4
38935,5
38936,1
38937,4
38938,3
38939,3
38940,3
38941,3
38942,5
38944,2
38945,3
38946,2
38948,3
38949,2
38950,3
38952,3
38953,3
38954,3
38955,3
38956,4
38957,4
38958,2
38959,3
38960,3
38961,3
38962,2
38963,2
38964,3
38966,3
38969,3
38970,3
38971,3
38972,3
38974,4
38975,3
38976,2
38977,3
38978,2
38979,2
38980,3
38981,3
38982,3
38983,1
38984,4
38985,3
38986,3
38987,4
38988,4
38989,4
38990,3
38991,3
38992,4
38993,3
38994,5
38995,3
38997,3
38998,3
38999,3
39000,3
39001,4
39002,2
39003,5
39004,3
39005,1
39006,5
39008,4
39009,3
39010,3
39011,3
39012,3
39013,2
39014,3
39015,4
39016,2
39017,3
39018,3
39019,2
39020,3
39021,2
39022,4
39023,4
39024,5
39025,3
39026,3
39027,3
39028,4
39029,2
39030,3
39031,3
39032,3
39033,3
39034,2
39035,3
39036,3
39037,3
39038,2
39039,2
39040,2
39041,2
39043,3
39044,3
39045,3
39047,3
39048,4
39049,3
39050,3
39051,3
39052,3
39054,3
39055,3
39056,3
39057,2
39058,3
39059,3
39060,3
39061,3
39062,4
39063,3
39064,4
39065,3
39066,3
39067,2
39069,3
39070,1
39071,3
39072,5
39073,4
39074,3
39076,2
39077,4
39078,4
39079,3
39080,3
39081,3
39082,2
39083,2
39085,1
39086,3
39087,2
39088,3
39089,4
39090,2
39091,4
39092,3
39093,4
39095,3
39096,3
39097,3
39098,3
39099,3
39101,4
39102,2
39103,4
39104,3
39105,4
39106,3
39107,3
39108,3
39109,2
39110,3
39111,3
39112,3
39113,4
39114,4
39115,1
39116,3
39117,3
39118,3
39119,3
39120,2
39121,4
39123,4
39124,4
39125,3
39126,3
39127,3
39128,3
39129,2
39130,3
39131,2
39132,1
39133,3
39134,3
39135,5
39136,3
39137,4
39138,3
39139,4
39140,2
39141,3
39142,5
39143,2
39144,3
39145,4
39146,4
39148,1
39149,3
39150,2
39152,3
39153,3
39154,2
39155,3
39156,3
39157,3
39158,3
39159,3
39161,3
39162,3
39163,4
39164,4
39165,4
39166,1
39167,5
39168,2
39169,3
39170,2
39171,3
39172,3
39173,3
39174,4
39175,3
39176,2
39177,2
39178,3
39179,2
39180,1
39181,4
39182,3
39183,1
39184,3
39185,3
39186,3
39187,3
39188,3
39189,4
39190,3
39191,3
39192,4
39193,4
39194,3
39195,3
39197,3
39198,3
39199,3
39200,2
39201,5
39202,3
39203,2
39204,4
39205,2
39206,4
39207,3
39208,2
39209,3
39210,3
39211,3
39212,3
39213,4
39214,3
39215,2
39216,3
39217,3
39218,3
39219,3
39220,2
39221,2
39222,3
39223,3
39224,3
39227,3
39228,3
39229,4
39230,3
39231,3
39233,4
39234,3
39235,3
39236,4
39237,3
39238,2
39239,3
39240,3
39241,3
39242,4
39243,2
39244,3
39245,2
39246,1
39247,3
39248,3
39249,3
39250,3
39251,4
39252,2
39253,4
39254,3
39256,3
39257,2
39259,3
39260,4
39261,3
39262,4
39263,5
39264,4
39266,3
39268,3
39270,2
39271,3
39272,3
39274,3
39275,4
39276,4
39277,1
39278,3
39279,3
39280,3
39281,3
39282,3
39283,4
39284,3
39285,2
39286,4
39287,3
39288,3
39289,3
39290,4
39291,3
39292,2
39293,4
39295,2
39296,4
39297,4
39298,2
39301,3
39302,3
39304,3
39305,3
39306,4
39307,3
39308,4
39309,3
39310,3
39311,1
39312,4
39313,3
39316,3
39317,3
39318,3
39319,3
39320,4
39321,3
39322,3
39323,3
39324,3
39325,4
39326,3
39327,3
39329,2
39330,3
39331,4
39332,3
39333,4
39334,4
39335,3
39336,2
39337,4
39338,3
39339,3
39340,3
39341,2
39342,3
39343,4
39344,2
39345,3
39346,1
39348,3
39349,2
39350,2
39351,3
39352,5
39353,3
39354,4
39355,3
39356,4
39357,3
39358,4
39360,4
39364,3
39365,3
39366,4
39367,1
39368,3
39369,3
39372,4
39373,3
39374,3
39375,3
39376,4
39377,3
39378,4
39379,3
39380,3
39381,2
39382,3
39383,3
39385,2
39386,4
39387,1
39388,3
39389,3
39390,4
39391,2
39392,3
39393,3
39394,3
39395,3
39397,2
39398,2
39399,3
39400,2
39401,2
39402,1
39403,2
39404,2
39406,3
39407,3
39408,4
39409,4
39410,3
39412,2
39413,3
39414,2
39415,3
39416,4
39417,3
39418,3
39419,5
39420,3
39421,3
39422,3
39423,4
39424,3
39425,3
39426,3
39427,3
39428,3
39429,3
39430,4
39431,3
39432,3
39436,3
39438,4
39439,3
39442,3
39443,3
39444,3
39445,3
39446,4
39448,4
39449,3
39450,3
39451,3
39452,1
39453,3
39454,3
39455,3
39456,3
39457,3
39458,4
39459,3
39460,4
39461,4
39462,3
39463,4
39464,3
39465,3
39466,3
39467,3
39468,3
39469,3
39471,3
39472,3
39474,4
39475,3
39476,2
39477,2
39478,3
39479,5
39480,4
39481,2
39482,3
39483,3
39484,4
39485,2
39486,2
39487,3
39488,3
39490,3
39491,2
39493,2
39494,3
39495,4
39496,2
39497,4
39498,2
39501,3
39502,3
39503,3
39504,4
39505,5
39506,4
39507,3
39508,3
39509,5
39510,2
39511,2
39512,5
39513,3
39514,3
39515,3
39516,3
39517,2
39518,4
39519,3
39520,3
39521,1
39522,2
39523,3
39524,3
39525,3
39526,3
39527,5
39528,5
39529,3
39530,3
39531,3
39532,3
39533,3
39534,3
39535,3
39536,2
39537,3
39539,4
39542,3
39543,3
39544,1
39545,3
39546,4
39547,4
39549,1
39550,3
39551,2
39552,3
39553,5
39554,3
39556,3
39558,4
39559,2
39560,3
39561,3
39562,3
39563,2
39564,3
39565,3
39566,3
39567,3
39568,2
39570,3
39571,4
39573,2
39574,2
39575,3
39576,3
39577,4
39578,3
39579,3
39580,4
39581,5
39584,2
39585,3
39586,4
39587,4
39588,4
39589,3
39590,3
39591,3
39592,1
39593,2
39595,1
39596,1
39597,3
39598,2
39599,2
39600,2
39601,2
39602,4
39603,3
39604,3
39605,5
39606,3
39607,3
39608,3
39609,4
39610,3
39611,3
39612,3
39613,3
39614,3
39615,4
39616,3
39617,3
39618,3
39619,2
39620,3
39621,3
39622,3
39623,3
39624,3
39625,3
39626,2
39627,2
39628,3
39629,1
39630,3
39631,2
39632,3
39633,4
39635,4
39636,3
39637,2
39638,2
39639,3
39640,3
39641,2
39642,5
39643,3
39644,3
39645,3
39646,4
39647,2
39648,4
39649,3
39650,4
39651,3
39652,2
39654,3
39657,2
39659,1
39661,3
39666,3
39668,3
39670,3
39671,3
39672,3
39673,3
39674,3
39675,3
39676,3
39677,3
39679,3
39680,3
39681,3
39684,3
39685,3
39686,5
39687,3
39688,3
39690,4
39691,4
39693,2
39694,3
39695,3
39696,1
39697,2
39698,3
39701,2
39702,3
39706,2
39707,4
39708,5
39709,2
39710,3
39711,3
39713,4
39714,3
39715,2
39716,4
39717,3
39719,4
39721,4
39724,3
39728,5
39729,3
39730,3
39733,3
39736,4
39737,3
39738,3
39739,2
39741,2
39743,3
39744,2
39745,2
39746,3
39749,3
39751,4
39752,3
39753,2
39756,5
39757,5
39758,3
39759,4
39760,3
39761,3
39763,4
39765,3
39766,3
39767,3
39768,4
39769,3
39770,3
39773,3
39774,3
39776,2
39777,3
39778,3
39779,3
39780,3
39781,3
39784,4
39786,1
39787,3
39788,2
39789,2
39790,4
39791,2
39792,3
39793,3
39794,5
39795,3
39796,3
39797,3
39798,2
39799,2
39801,2
39802,2
39803,2
39804,3
39805,2
39806,2
39807,3
39808,3
39809,3
39810,5
39812,3
39813,3
39814,3
39815,3
39817,3
39818,2
39819,4
39820,3
39821,2
39822,4
39823,3
39824,4
39825,2
39826,1
39827,3
39828,3
39829,2
39830,2
39831,3
39832,3
39833,4
39834,2
39835,2
39838,5
39839,4
39840,3
39841,3
39842,3
39843,3
39844,3
39845,3
39846,4
39847,4
39848,2
39849,3
39850,4
39851,3
39853,3
39854,3
39855,2
39856,2
39857,2
39858,3
39861,4
39862,3
39863,3
39865,3
39866,2
39867,3
39868,3
39869,1
39870,3
39872,5
39873,2
39874,1
39875,2
39876,3
39877,4
39879,3
39880,3
39881,3
39882,3
39883,3
39884,4
39885,5
39886,2
39887,2
39888,3
39892,1
39893,4
39894,3
39895,2
39896,4
39897,3
39898,2
39899,2
39900,4
39901,3
39902,4
39903,3
39904,4
39905,3
39906,3
39909,2
39910,2
39912,2
39915,3
39916,2
39917,3
39918,4
39919,2
39921,3
39923,2
39924,3
39925,3
39926,3
39927,3
39928,2
39932,3
39934,2
39936,3
39937,3
39938,3
39939,3
39941,3
39942,3
39947,2
39949,2
39950,1
39952,2
39953,3
39954,3
39956,3
39961,3
39962,3
39965,3
39968,5
39969,3
39970,4
39973,4
39974,5
39975,4
39976,4
39977,2
39979,4
39980,5
39981,3
39982,1
39983,4
39985,3
39986,2
39988,3
39989,3
39990,3
39991,4
39992,3
39993,3
39994,3
39995,4
39996,4
39997,3
39998,2
40000,3
40002,4
40004,3
40006,3
40008,3
40009,3
40010,3
40011,3
40012,4
40013,4
40014,1
40015,3
40016,3
40017,3
40018,3
40019,2
40020,4
40021,3
40022,3
40025,3
40026,3
40027,3
40028,5
40030,3
40031,4
40032,3
40034,3
40035,4
40036,3
40040,4
40042,1
40043,3
40044,2
40045,3
40046,4
40047,3
40048,5
40049,3
40050,3
40051,3
40052,3
40053,2
40054,4
40055,4
40056,1
40057,3
40058,2
40059,3
40060,2
40061,3
40062,2
40063,3
40064,3
40065,3
40066,3
40067,2
40068,4
40069,4
40071,4
40072,4
40074,2
40075,4
40076,2
40077,3
40079,3
40081,2
40083,3
40085,3
40086,2
40089,4
40091,2
40092,2
40094,4
40096,3
40097,3
40098,2
40099,2
40100,3
40101,3
40103,3
40104,3
40105,2
40106,3
40107,3
40108,3
40109,4
40110,2
40111,3
40113,3
40115,3
40117,3
40120,2
40121,3
40122,1
40123,3
40124,3
40125,3
40126,4
40128,3
40130,4
40131,4
40132,5
40133,4
40134,2
40135,3
40136,3
40138,3
40139,2
40140,4
40141,3
40142,3
40143,3
40144,3
40145,3
40146,3
40147,3
40148,3
40149,3
40150,3
40151,3
40152,1
40153,3
40154,3
40155,3
40156,3
40157,3
40158,2
40159,3
40160,3
40161,3
40162,3
40164,5
40166,5
40167,3
40168,2
40171,3
40172,3
40173,3
40174,1
40176,3
40179,3
40180,3
40181,3
40182,4
40183,3
40184,3
40185,4
40187,3
40188,2
40189,3
40190,3
40191,3
40192,3
40193,3
40195,2
40196,3
40197,3
40199,3
40200,3
40201,3
40205,3
40206,3
40208,3
40211,5
40212,3
40213,1
40214,3
40215,2
40216,5
40217,3
40218,4
40219,3
40220,2
40222,3
40223,2
40224,2
40225,4
40226,4
40227,3
40228,4
40229,4
40230,3
40231,2
40232,2
40233,4
40234,4
40235,3
40236,3
40237,5
40238,3
40239,3
40241,3
40242,2
40243,2
40244,4
40245,3
40246,3
40247,2
40249,3
40250,3
40251,3
40252,3
40256,3
40257,3
40258,4
40259,4
40260,2
40262,3
40263,3
40265,2
40266,4
40268,2
40269,5
40270,2
40272,2
40273,3
40274,3
40276,3
40277,4
40278,3
40279,3
40280,3
40281,3
40282,3
40283,3
40284,4
40285,5
40286,3
40287,1
40288,4
40290,3
40291,3
40292,3
40293,3
40295,2
40298,4
40299,4
40300,3
40301,4
40302,4
40303,4
40304,2
40305,3
40309,3
40310,4
40311,3
40312,2
40313,3
40315,4
40316,4
40317,2
40318,4
40319,3
40320,2
40321,3
40322,3
40323,3
40324,1
40325,3
40326,3
40327,3
40330,3
40331,2
40332,3
40333,3
40334,2
40335,2
40337,3
40338,2
40339,4
40340,3
40341,3
40342,5
40343,4
40345,3
40347,3
40348,1
40349,3
40350,3
40351,4
40352,3
40353,2
40354,4
40355,3
40356,3
40357,3
40358,4
40361,2
40362,3
40363,2
40364,3
40365,5
40366,3
40367,3
40370,3
40371,3
40373,3
40374,3
40375,3
40376,1
40378,2
40379,3
40380,3
40381,3
40382,2
40383,4
40384,4
40385,3
40387,1
40388,3
40391,2
40392,4
40393,4
40394,3
40395,2
40397,3
40398,3
40399,4
40400,3
40401,3
40403,1
40404,3
40405,4
40406,3
40407,2
40408,3
40409,3
40410,3
40411,4
40412,4
40413,3
40415,5
40416,3
40417,3
40418,3
40419,3
40420,4
40421,2
40423,4
40424,3
40425,3
40426,3
40427,3
40428,4
40429,3
40430,3
40431,3
40432,3
40433,3
40434,2
40435,3
40436,3
40437,4
40438,3
40439,2
40440,5
40441,3
40443,3
40444,4
40445,3
40446,2
40448,3
40449,3
40450,3
40451,3
40452,3
40453,3
40454,2
40455,3
40456,2
40459,5
40462,3
40464,1
40465,3
40466,3
40467,3
40468,3
40469,3
40470,3
40471,5
40472,3
40473,4
40474,2
40475,3
40476,3
40477,3
40478,2
40479,3
40480,3
40482,3
40484,3
40485,3
40486,3
40488,3
40489,3
40491,2
40492,3
40493,4
40494,3
40495,3
40496,2
40497,2
40498,3
40499,3
40500,2
40501,4
40502,3
40503,4
40504,3
40505,3
40506,4
40507,3
40508,3
40509,4
40510,1
40511,3
40513,2
40514,3
40515,3
40516,3
40517,3
40518,3
40519,2
40520,5
40521,2
40523,4
40524,3
40525,3
40526,3
40527,3
40529,2
40532,3
40534,3
40535,4
40536,3
40538,3
40540,3
40541,2
40542,2
40543,3
40544,3
40545,3
40546,3
40547,2
40548,4
40549,3
40550,3
40551,5
40552,4
40553,4
40554,4
40555,3
40557,3
40558,3
40559,3
40560,3
40561,3
40562,4
40563,3
40564,2
40565,4
40566,2
40568,3
40569,3
40570,2
40572,4
40573,3
40575,3
40576,3
40577,3
40578,4
40579,3
40580,3
40581,4
40582,3
40583,3
40584,2
40585,3
40586,2
40587,3
40588,3
40589,3
40590,2
40591,1
40592,3
40593,3
40594,3
40595,4
40596,4
40597,3
40598,2
40599,3
40600,4
40601,4
40602,3
40603,3
40604,3
40605,4
40607,1
40608,5
40609,1
40610,3
40611,3
40612,2
40613,3
40614,3
40615,3
40616,3
40617,3
40618,4
40619,3
40622,3
40623,3
40625,3
40626,3
40627,4
40629,3
40630,4
40631,3
40632,3
40634,3
40635,1
40637,3
40638,3
40639,3
40642,3
40645,3
40646,3
40647,2
40649,2
40650,2
40651,3
40653,2
40654,3
40655,4
40656,3
40657,5
40658,3
40659,2
40660,5
40663,2
40666,2
40667,3
40668,4
40669,3
40670,3
40671,3
40672,3
40673,3
40674,4
40675,1
40676,4
40677,1
40678,4
40679,3
40680,3
40681,4
40682,3
40684,1
40685,3
40686,3
40687,3
40688,3
40689,3
40690,4
40692,4
40693,3
40694,3
40695,4
40696,3
40697,2
40698,2
40700,5
40701,3
40702,3
40703,5
40704,4
40705,1
40706,4
40707,3
40708,3
40710,4
40711,3
40712,3
40713,3
40714,3
40715,3
40717,3
40718,2
40719,3
40720,3
40721,1
40722,3
40723,3
40724,4
40725,3
40726,2
40727,3
40730,2
40731,3
40732,3
40734,3
40735,1
40736,3
40738,1
40739,5
40740,2
40742,2
40743,3
40744,5
40745,3
40746,5
40747,1
40748,3
40749,2
40750,3
40751,3
40752,3
40753,3
40754,3
40755,4
40757,3
40758,3
40759,4
40760,3
40761,2
40762,3
40763,3
40766,3
40767,3
40768,3
40769,3
40771,3
40773,2
40774,3
40775,3
40778,5
40779,4
40780,3
40781,3
40783,3
40784,2
40785,4
40786,3
40787,2
40788,4
40790,3
40791,4
40792,3
40794,3
40796,4
40797,5
40798,3
40799,2
40800,1
40801,4
40802,2
40803,3
40804,2
40805,3
40806,3
40807,3
40809,4
40811,4
40812,3
40813,2
40815,3
40816,2
40818,3
40819,3
40820,3
40821,3
40823,3
40824,3
40825,3
40826,2
40828,2
40829,2
40830,1
40831,4
40832,3
40833,4
40834,3
40835,3
40836,5
40837,2
40838,3
40839,3
40840,3
40844,2
40847,3
40848,3
40849,3
40850,3
40851,4
40852,3
40853,5
40854,3
40855,3
40856,4
40857,2
40858,3
40859,3
40860,2
40861,1
40862,3
40864,4
40865,3
40866,4
40867,4
40868,3
40869,3
40870,2
40871,3
40872,3
40873,3
40874,3
40875,3
40877,4
40878,3
40879,4
40880,3
40881,3
40882,1
40883,3
40884,3
40886,4
40887,4
40888,2
40889,3
40890,3
40891,4
40893,4
40894,3
40895,3
40896,2
40897,1
40898,3
40899,3
40900,3
40901,3
40903,4
40904,4
40907,3
40908,3
40909,3
40910,4
40912,2
40915,3
40916,3
40918,2
40919,2
40921,3
40922,3
40923,4
40924,4
40925,3
40926,4
40930,3
40931,3
40932,3
40934,3
40935,3
40936,3
40937,3
40938,3
40939,2
40941,3
40942,2
40943,3
40945,3
40947,5
40948,4
40949,5
40950,3
40951,4
40953,3
40955,2
40956,2
40957,3
40958,4
40960,4
40961,3
40962,1
40963,2
40964,3
40965,3
40966,3
40967,3
40968,3
40969,3
40970,1
40971,2
40972,4
40973,3
40974,4
40975,2
40976,4
40977,4
40978,4
40979,3
40980,2
40982,3
40983,3
40984,3
40986,3
40987,4
40988,3
40989,2
40990,3
40991,2
40992,4
40993,3
40994,5
40995,3
40998,2
40999,3
41000,2
41001,3
41002,2
41003,4
41004,3
41005,3
41006,4
41007,3
41008,2
41009,3
41010,3
41011,5
41012,3
41013,3
41014,4
41015,3
41018,2
41019,2
41020,3
41021,3
41023,4
41024,3
41025,4
41026,3
41027,1
41028,2
41029,3
41030,3
41032,4
41033,4
41034,3
41036,4
41037,3
41038,3
41039,2
41040,3
41041,3
41042,3
41043,3
41044,3
41045,3
41046,2
41047,3
41048,1
41049,2
41050,4
41051,4
41052,4
41053,5
41054,3
41055,3
41056,3
41057,3
41058,3
41059,3
41060,3
41061,3
41062,5
41063,2
41064,4
41065,3
41066,3
41068,3
41069,3
41070,3
41072,3
41073,2
41076,3
41077,3
41078,4
41079,3
41080,3
41081,3
41082,1
41083,3
41084,3
41086,3
41087,5
41088,3
41089,4
41090,4
41091,3
41092,4
41094,4
41095,3
41097,3
41098,3
41099,4
41102,4
41103,3
41104,1
41105,4
41106,4
41107,2
41108,3
41109,3
41110,2
41111,3
41112,4
41113,3
41114,3
41117,3
41118,3
41119,2
41120,3
41121,3
41122,2
41123,2
41124,3
41125,4
41126,3
41127,5
41128,3
41129,2
41130,3
41131,5
41132,1
41133,1
41134,3
41135,4
41136,4
41137,3
41138,2
41139,4
41140,3
41141,3
41142,3
41143,1
41144,3
41145,3
41146,2
41147,3
41148,3
41149,3
41150,5
41151,3
41152,3
41153,2
41154,1
41155,2
41156,3
41157,3
41158,3
41159,3
41160,4
41161,1
41162,1
41163,3
41164,2
41165,3
41166,3
41167,4
41168,4
41169,3
41170,4
41171,3
41172,2
41173,3
41174,3
41175,3
41176,3
41177,4
41178,4
41179,3
41180,3
41181,3
41182,3
41184,3
41185,3
41186,3
41187,3
41188,3
41189,4
41190,3
41192,5
41193,4
41194,3
41196,3
41197,3
41198,1
41199,3
41200,3
41201,2
41202,3
41203,3
41204,3
41205,3
41206,3
41208,2
41209,3
41210,3
41211,3
41212,2
41214,3
41215,3
41216,3
41217,2
41218,4
41219,3
41221,3
41222,3
41223,1
41224,5
41225,3
41226,4
41227,3
41228,3
41229,2
41230,3
41231,3
41232,3
41233,2
41234,2
41235,2
41236,4
41237,2
41238,3
41239,2
41240,5
41241,3
41242,2
41243,3
41244,3
41245,3
41247,2
41248,3
41249,2
41250,3
41251,3
41252,3
41253,4
41254,3
41256,3
41257,3
41258,3
41259,3
41260,4
41261,4
41262,3
41263,4
41265,5
41266,3
41267,3
41268,4
41269,3
41270,3
41271,3
41272,1
41274,2
41275,3
41276,4
41277,1
41278,3
41279,4
41280,1
41281,5
41282,3
41283,4
41284,3
41285,4
41286,3
41288,3
41289,3
41290,1
41291,3
41292,3
41293,4
41294,3
41295,3
41296,3
41297,2
41298,3
41299,3
41300,3
41301,4
41302,3
41303,3
41305,1
41306,3
41307,2
41308,4
41309,3
41310,2
41311,1
41312,3
41313,3
41314,3
41316,3
41317,3
41318,2
41320,3
41321,2
41322,3
41323,2
41324,4
41327,3
41328,4
41329,4
41330,3
41331,4
41332,2
41333,3
41334,3
41335,3
41336,4
41337,3
41338,4
41339,3
41340,2
41341,3
41342,1
41343,3
41344,2
41345,3
41346,2
41347,3
41349,3
41350,3
41351,3
41352,3
41353,3
41354,3
41355,2
41356,3
41357,4
41358,3
41359,3
41360,4
41361,3
41362,5
41364,4
41365,3
41366,3
41368,4
41369,2
41370,3
41371,2
41372,3
41373,2
41374,2
41375,2
41376,3
41377,2
41379,5
41380,5
41381,4
41382,3
41383,3
41384,3
41386,3
41387,3
41390,4
41392,2
41393,2
41394,3
41395,2
41397,3
41399,4
41400,2
41402,4
41404,3
41405,3
41406,3
41408,3
41409,3
41410,4
41411,3
41412,3
41413,5
41414,3
41415,3
41417,3
41418,3
41419,3
41420,3
41421,3
41422,2
41423,3
41424,2
41426,4
41427,3
41428,4
41429,2
41430,3
41431,3
41432,1
41433,3
41434,3
41436,4
41437,3
41438,4
41439,2
41440,2
41442,4
41443,3
41444,3
41445,2
41446,2
41447,5
41448,2
41450,4
41451,3
41452,3
41453,3
41454,2
41455,2
41456,2
41457,3
41458,4
41460,4
41461,3
41462,3
41463,4
41465,4
41466,4
41467,4
41471,3
41472,3
41474,3
41475,4
41476,3
41477,3
41478,3
41482,3
41483,2
41484,2
41485,2
41486,4
41487,3
41488,3
41489,3
41491,3
41493,1
41494,3
41496,2
41499,2
41500,3
41501,4
41502,3
41503,5
41504,3
41505,2
41506,3
41507,3
41508,4
41509,2
41510,5
41511,3
41512,3
41515,2
41516,3
41517,2
41518,4
41519,3
41520,1
41521,3
41522,3
41524,3
41528,3
41529,3
41530,5
41531,3
41532,2
41533,3
41534,3
41535,2
41536,3
41537,3
41539,2
41540,4
41541,4
41542,3
41543,2
41544,2
41545,2
41546,3
41547,3
41548,5
41549,3
41550,3
41551,3
41552,3
41553,3
41554,3
41556,4
41557,3
41558,3
41559,3
41560,3
41561,4
41562,2
41563,5
41564,3
41565,1
41566,2
41567,2
41568,3
41569,3
41570,4
41572,3
41575,2
41576,3
41578,3
41579,4
41580,5
41581,3
41582,3
41583,4
41584,3
41585,3
41586,3
41587,3
41588,3
41589,3
41590,3
41591,3
41592,1
41593,4
41595,3
41596,3
41597,4
41598,2
41599,3
41601,3
41602,2
41603,4
41604,4
41605,3
41606,3
41607,3
41608,2
41609,3
41610,3
41611,3
41612,1
41613,3
41614,3
41616,3
41617,3
41618,3
41619,3
41620,3
41621,3
41622,4
41623,4
41624,2
41625,3
41629,4
41631,5
41633,2
41634,3
41635,4
41637,5
41638,3
41639,2
41640,3
41641,3
41642,3
41643,2
41644,4
41645,3
41646,2
41647,2
41648,4
41649,4
41650,3
41651,3
41652,3
41653,2
41654,2
41655,4
41657,3
41658,5
41659,4
41660,5
41661,4
41663,2
41664,2
41665,3
41666,2
41667,3
41668,3
41669,3
41670,3
41673,3
41675,3
41676,3
41677,1
41678,3
41679,2
41682,3
41683,3
41685,3
41687,3
41688,3
41689,4
41690,3
41691,2
41693,2
41694,3
41695,3
41696,2
41697,3
41698,2
41701,3
41702,3
41704,4
41705,3
41706,3
41707,3
41709,3
41710,3
41711,3
41712,3
41714,4
41715,2
41716,3
41717,3
41718,2
41719,2
41720,3
41721,3
41722,3
41723,3
41724,3
41725,2
41726,3
41727,3
41728,3
41729,3
41730,3
41731,3
41733,3
41734,2
41736,3
41737,3
41738,4
41739,4
41742,1
41743,4
41744,4
41745,4
41746,4
41747,4
41749,3
41750,3
41751,2
41752,3
41753,3
41754,2
41755,3
41756,4
41757,4
41758,3
41759,4
41761,3
41762,4
41763,2
41764,1
41765,3
41766,3
41767,3
41768,3
41769,3
41771,2
41772,2
41773,3
41774,4
41775,2
41776,3
41777,3
41778,4
41779,2
41781,3
41783,1
41784,3
41785,4
41786,4
41787,3
41788,3
41789,4
41790,4
41792,3
41793,2
41795,4
41796,1
41797,4
41801,3
41802,2
41803,3
41804,2
41805,2
41806,4
41807,4
41808,4
41809,3
41812,3
41813,3
41814,4
41815,2
41816,4
41817,3
41818,4
41819,3
41820,3
41822,4
41823,2
41824,3
41825,3
41826,2
41827,3
41828,2
41829,3
41830,3
41831,3
41832,3
41834,4
41835,2
41836,2
41837,2
41838,1
41840,2
41841,4
41842,3
41844,2
41846,3
41847,5
41848,2
41850,4
41851,3
41852,2
41853,2
41855,3
41856,3
41857,3
41858,2
41859,4
41860,3
41861,5
41863,3
41864,3
41865,2
41867,3
41868,3
41869,3
41870,3
41871,3
41873,2
41876,3
41877,4
41878,3
41879,4
41882,4
41883,4
41885,3
41886,2
41887,3
41888,3
41889,2
41890,3
41891,3
41892,3
41893,5
41896,2
41898,4
41899,5
41900,3
41901,2
41902,3
41903,4
41904,4
41905,2
41907,2
41908,4
41909,2
41910,3
41911,3
41913,3
41914,2
41915,4
41916,2
41917,3
41918,3
41919,3
41920,4
41921,4
41922,1
41923,3
41926,4
41927,4
41928,3
41929,4
41930,3
41933,3
41936,2
41937,3
41938,3
41939,1
41940,2
41941,4
41942,3
41945,2
41946,4
41947,3
41949,3
41950,3
41952,3
41953,3
41956,4
41957,4
41958,4
41959,4
41960,4
41961,3
41962,2
41963,3
41964,3
41965,4
41966,4
41967,4
41968,3
41969,3
41970,2
41971,1
41974,3
41975,1
41976,3
41977,3
41978,3
41979,4
41980,4
41981,3
41982,3
41983,3
41984,3
41986,2
41990,3
41991,2
41992,3
41993,4
41994,3
41995,4
41996,3
41997,2
41999,4
42000,4
42003,3
42004,3
42005,2
42006,5
42007,3
42008,2
42009,2
42010,3
42011,4
42012,3
42013,4
42014,3
42015,1
42016,4
42017,3
42018,3
42019,3
42021,3
42022,1
42023,4
42024,4
42025,4
42026,3
42027,3
42029,3
42030,1
42031,3
42032,4
42033,4
42035,3
42036,3
42037,3
42038,4
42039,3
42040,3
42042,2
42043,3
42045,4
42047,3
42049,3
42051,2
42052,3
42053,3
42054,3
42055,3
42057,3
42058,4
42060,3
42061,4
42063,1
42064,3
42065,3
42066,2
42067,4
42068,3
42070,4
42072,4
42073,4
42074,3
42076,3
42077,2
42078,3
42079,3
42080,3
42082,2
42083,3
42084,3
42085,1
42087,3
42088,3
42089,4
42090,2
42091,4
42092,4
42093,4
42094,3
42095,3
42096,3
42097,3
42099,3
42100,1
42102,3
42103,2
42104,4
42105,2
42106,4
42107,5
42108,3
42109,4
42110,5
42111,3
42112,3
42114,3
42115,2
42116,3
42117,3
42118,3
42119,2
42120,4
42121,3
42122,2
42123,3
42124,2
42125,3
42126,3
42128,3
42129,1
42130,2
42132,2
42133,3
42134,4
42135,3
42137,3
42138,3
42139,3
42140,2
42141,3
42142,3
42144,3
42145,2
42146,3
42147,2
42148,5
42149,3
42151,2
42152,3
42156,3
42157,3
42158,4
42159,3
42161,2
42162,4
42163,2
42164,3
42165,3
42166,4
42167,3
42168,3
42169,4
42170,2
42171,5
42172,2
42173,3
42175,3
42176,2
42177,4
42179,4
42180,2
42181,3
42184,4
42185,2
42187,3
42188,2
42189,3
42191,3
42192,3
42193,3
42194,4
42195,3
42196,2
42198,4
42199,2
42200,2
42202,4
42203,4
42205,5
42207,3
42208,3
42210,3
42213,3
42215,1
42216,4
42217,2
42219,2
42220,3
42221,3
42222,3
42223,3
42224,2
42225,3
42226,3
42229,3
42230,2
42231,4
42232,2
42233,3
42236,3
42238,3
42239,3
42240,2
42241,3
42242,2
42243,3
42244,3
42245,3
42246,3
42248,3
42249,3
42250,2
42251,4
42252,4
42253,3
42254,3
42256,3
42257,3
42258,3
42259,3
42261,3
42263,1
42264,1
42265,4
42266,5
42267,4
42268,4
42270,5
42271,4
42272,3
42273,1
42274,4
42275,2
42276,3
42278,4
42279,3
42280,4
42281,2
42282,2
42283,3
42285,3
42286,2
42287,3
42289,2
42290,3
42291,2
42292,3
42293,3
42294,4
42295,4
42296,3
42297,3
42298,3
42299,1
42300,4
42301,4
42302,3
42303,3
42306,3
42307,3
42308,2
42309,3
42311,3
42312,5
42314,3
42315,4
42316,2
42317,4
42318,2
42319,2
42320,3
42321,3
42322,2
42324,4
42325,4
42326,3
42328,3
42330,4
42331,2
42333,5
42334,3
42335,3
42337,3
42339,2
42340,2
42341,3
42342,4
42343,4
42344,4
42345,1
42346,2
42347,3
42348,3
42349,3
42350,3
42351,3
42352,2
42353,3
42354,3
42355,4
42356,3
42357,4
42359,3
42360,3
42361,2
42362,4
42363,3
42364,5
42365,3
42366,3
42367,1
42369,3
42370,3
42371,3
42373,3
42374,3
42377,3
42378,2
42379,2
42380,3
42381,4
42382,3
42383,3
42384,3
42385,5
42387,3
42388,1
42389,3
42390,4
42393,3
42394,3
42396,2
42397,4
42400,2
42401,3
42402,3
42403,3
42404,3
42405,3
42406,4
42407,3
42408,3
42409,2
42410,3
42411,4
42412,3
42413,3
42415,3
42417,5
42418,4
42419,2
42420,2
42422,3
42423,3
42424,2
42426,3
42427,4
42429,2
42430,3
42432,3
42435,3
42436,3
42437,4
42438,5
42439,3
42440,5
42441,3
42442,2
42443,3
42444,2
42445,2
42446,3
42447,3
42448,2
42449,3
42450,4
42452,2
42453,3
42454,2
42455,3
42456,3
42457,2
42458,4
42459,4
42460,4
42461,3
42462,5
42463,2
42464,3
42465,4
42466,3
42467,5
42468,3
42469,2
42470,1
42471,3
42472,3
42473,3
42474,3
42475,1
42476,3
42477,2
42478,3
42480,3
42481,5
42482,3
42483,2
42484,3
42485,2
42486,4
42488,3
42489,4
42490,3
42491,3
42492,2
42493,4
42495,3
42496,4
42497,3
42498,3
42499,3
42501,3
42502,3
42503,3
42504,4
42505,4
42506,3
42507,3
42508,3
42509,4
42512,4
42513,1
42516,3
42518,3
42519,3
42520,2
42521,3
42522,4
42523,3
42524,4
42525,3
42526,2
42527,3
42528,5
42529,2
42531,3
42532,4
42533,1
42534,3
42535,3
42536,3
42537,3
42539,3
42540,3
42541,2
42544,3
42546,3
42547,3
42548,3
42549,5
42550,3
42551,3
42553,3
42554,3
42555,3
42556,3
42557,2
42558,2
42559,3
42560,2
42561,3
42562,3
42563,2
42564,4
42565,2
42566,2
42568,1
42569,3
42570,5
42571,3
42572,3
42573,3
42576,3
42579,3
42581,3
42583,3
42585,3
42586,3
42587,3
42591,3
42592,2
42593,3
42594,5
42595,3
42596,3
42597,2
42598,3
42599,3
42601,3
42602,2
42604,3
42605,3
42607,4
42608,3
42609,4
42610,2
42611,3
42612,3
42613,2
42614,3
42616,3
42617,3
42618,4
42620,4
42621,3
42622,5
42623,5
42624,4
42625,2
42629,3
42632,3
42633,3
42634,3
42635,3
42636,3
42637,2
42638,1
42639,2
42640,3
42641,3
42643,3
42644,3
42645,3
42648,4
42649,3
42652,3
42653,3
42654,3
42655,5
42656,3
42657,2
42658,2
42659,3
42660,3
42661,5
42662,2
42663,3
42664,3
42665,3
42666,5
42667,5
42668,3
42669,3
42670,3
42671,3
42672,3
42674,3
42675,4
42676,4
42677,3
42678,2
42680,5
42681,3
42682,3
42683,3
42684,2
42685,3
42686,3
42687,3
42688,2
42689,4
42690,4
42693,3
42695,1
42696,2
42697,3
42701,3
42702,2
42703,3
42704,3
42705,3
42706,3
42707,3
42709,2
42710,3
42712,3
42713,4
42715,3
42716,3
42717,5
42718,5
42719,3
42720,2
42722,1
42723,2
42724,3
42725,3
42726,3
42727,3
42729,4
42731,3
42732,3
42733,3
42734,3
42735,3
42736,3
42737,2
42738,3
42739,3
42740,3
42741,2
42742,3
42745,2
42746,3
42747,4
42748,3
42749,3
42750,4
42751,4
42752,3
42753,3
42754,2
42755,1
42756,3
42758,4
42759,3
42762,3
42763,3
42765,4
42766,4
42767,2
42768,5
42769,3
42770,2
42771,2
42772,3
42773,2
42778,3
42779,2
42780,1
42786,2
42787,2
42789,2
42790,3
42793,3
42795,1
42796,3
42797,4
42798,3
42799,3
42800,4
42801,2
42802,3
42803,4
42804,3
42805,3
42806,4
42807,3
42808,3
42809,4
42810,3
42811,3
42812,5
42813,3
42814,3
42815,3
42816,4
42817,2
42818,3
42819,3
42820,1
42821,4
42822,3
42823,3
42824,4
42826,3
42827,1
42829,3
42830,3
42831,3
42833,3
42834,5
42836,3
42837,3
42838,3
42839,4
42840,5
42841,3
42842,3
42843,3
42844,1
42846,2
42847,3
42848,3
42849,3
42850,3
42852,2
42853,5
42854,2
42855,3
42856,3
42857,3
42858,3
42859,4
42860,2
42861,2
42862,3
42863,3
42864,4
42866,3
42867,3
42868,4
42869,2
42871,3
42872,4
42873,5
42874,1
42875,1
42876,3
42877,2
42878,3
42879,2
42880,3
42881,3
42882,3
42883,4
42884,5
42885,4
42886,2
42887,3
42890,4
42891,3
42892,5
42896,3
42897,3
42898,3
42899,2
42901,1
42902,3
42903,3
42904,1
42906,3
42907,3
42911,3
42913,3
42914,5
42917,3
42918,4
42919,3
42920,4
42921,4
42922,3
42923,3
42924,3
42925,3
42926,3
42927,3
42928,2
42929,3
42930,3
42931,3
42932,2
42933,3
42934,3
42935,3
42936,3
42937,3
42938,3
42939,3
42940,3
42941,3
42942,2
42943,2
42944,2
42945,3
42946,3
42947,3
42948,3
42949,3
42950,3
42951,1
42952,2
42953,3
42954,3
42955,4
42957,3
42958,4
42959,4
42960,4
42961,3
42962,3
42963,3
42964,3
42965,3
42966,3
42968,1
42969,4
42970,3
42971,3
42973,3
42974,3
42975,3
42976,3
42977,3
42978,1
42979,3
42980,1
42981,3
42982,1
42983,4
42984,4
42985,3
42987,4
42988,3
42989,4
42990,2
42991,5
42994,3
42995,1
42996,2
42997,3
42999,4
43000,2
43001,3
43003,3
43005,3
43006,3
43007,3
43008,2
43009,4
43010,3
43011,3
43012,3
43013,3
43014,1
43016,3
43017,4
43018,3
43019,3
43021,3
43022,3
43023,3
43024,4
43025,3
43028,3
43029,3
43030,2
43031,3
43032,4
43033,3
43034,4
43035,4
43036,3
43037,2
43038,4
43040,3
43041,3
43042,3
43044,3
43045,4
43046,2
43047,2
43049,4
43050,3
43052,2
43053,2
43054,2
43055,3
43056,3
43057,3
43058,3
43059,5
43060,3
43062,4
43063,3
43064,4
43065,1
43067,3
43068,5
43069,3
43070,3
43071,5
43072,2
43073,4
43074,3
43075,2
43076,3
43077,3
43078,2
43079,4
43080,2
43081,4
43083,3
43084,3
43085,2
43086,3
43087,3
43088,2
43089,3
43090,2
43091,3
43092,3
43094,1
43095,3
43096,3
43097,3
43099,3
43101,5
43102,3
43103,3
43105,3
43106,2
43108,3
43109,3
43111,3
43112,3
43113,4
43114,4
43115,4
43116,3
43117,3
43118,2
43119,3
43120,2
43121,4
43122,3
43123,3
43124,4
43126,4
43127,4
43129,3
43130,2
43131,2
43132,3
43133,3
43134,1
43136,3
43137,2
43138,4
43139,3
43140,4
43141,4
43142,3
43144,5
43145,3
43146,2
43147,3
43148,5
43150,3
43151,3
43152,3
43153,3
43154,3
43155,1
43157,3
43159,3
43160,3
43161,3
43163,4
43164,3
43165,4
43167,4
43168,2
43169,3
43170,3
43171,4
43172,4
43173,4
43174,2
43176,2
43177,3
43178,2
43181,3
43182,3
43183,1
43184,3
43185,3
43186,3
43187,5
43188,5
43189,4
43190,4
43191,5
43192,3
43194,3
43195,3
43196,3
43197,2
43198,2
43199,4
43200,3
43201,3
43202,3
43203,2
43204,3
43205,3
43207,3
43208,3
43209,3
43210,4
43211,3
43212,3
43213,3
43214,3
43215,3
43216,4
43217,3
43218,3
43219,3
43220,4
43222,4
43223,3
43224,3
43225,2
43226,3
43227,3
43228,2
43229,3
43230,2
43231,3
43232,5
43233,2
43234,3
43235,3
43236,3
43237,2
43238,3
43239,3
43240,3
43241,3
43242,3
43243,2
43244,3
43245,4
43246,3
43247,3
43248,2
43249,3
43250,3
43251,3
43252,5
43253,2
43254,3
43255,2
43256,3
43257,4
43258,2
43259,3
43260,4
43261,4
43262,3
43263,2
43264,2
43265,3
43266,5
43268,2
43269,4
43270,4
43271,3
43272,3
43273,3
43274,2
43275,4
43276,2
43278,5
43279,4
43280,4
43281,4
43282,2
43283,4
43284,3
43285,3
43287,1
43288,3
43289,2
43290,3
43291,3
43292,3
43293,2
43294,3
43295,2
43296,1
43297,3
43298,3
43300,1
43301,4
43302,3
43303,3
43304,3
43305,3
43306,4
43307,3
43308,5
43309,5
43310,5
43311,4
43312,3
43313,4
43314,2
43315,3
43317,2
43318,4
43320,3
43321,3
43322,3
43325,4
43326,3
43327,3
43329,3
43331,3
43332,3
43333,4
43335,3
43337,3
43338,3
43339,5
43340,3
43341,3
43342,5
43343,3
43344,3
43345,3
43346,3
43347,3
43348,2
43349,4
43350,3
43351,3
43352,2
43353,3
43354,4
43355,1
43356,2
43357,2
43359,3
43360,3
43361,4
43363,3
43365,2
43366,4
43367,2
43368,2
43369,3
43370,3
43371,2
43372,2
43373,3
43374,3
43375,3
43376,3
43377,5
43379,2
43380,3
43381,3
43382,3
43383,4
43384,4
43385,2
43386,3
43387,3
43388,4
43389,3
43390,3
43391,4
43394,3
43397,4
43399,2
43401,2
43403,3
43404,4
43405,3
43407,2
43408,2
43412,4
43413,4
43414,3
43415,3
43416,3
43417,3
43418,2
43419,3
43420,3
43421,5
43422,2
43423,2
43424,3
43427,2
43428,3
43429,4
43431,3
43432,4
43433,3
43434,1
43435,5
43436,4
43437,3
43438,3
43439,3
43440,3
43441,3
43442,3
43443,2
43444,2
43445,3
43448,3
43449,2
43450,3
43451,3
43452,3
43454,4
43455,2
43457,3
43458,3
43461,4
43463,3
43464,3
43466,3
43467,3
43468,3
43469,3
43470,3
43471,3
43472,3
43474,3
43475,3
43476,4
43478,3
43479,3
43482,3
43483,3
43486,2
43487,3
43489,2
43491,4
43492,3
43493,3
43497,4
43499,3
43501,3
43502,3
43503,4
43504,2
43505,3
43506,2
43507,3
43508,3
43511,3
43515,3
43516,3
43517,3
43518,3
43521,4
43522,4
43523,3
43525,4
43526,3
43527,4
43528,4
43529,1
43530,1
43531,4
43532,4
43537,3
43538,3
43539,3
43541,2
43542,3
43545,5
43546,3
43547,3
43548,3
43554,3
43556,3
43557,2
43559,3
43560,2
43563,1
43565,3
43567,3
43568,4
43569,4
43570,3
43571,4
43572,3
43573,2
43574,2
43575,2
43576,2
43577,4
43579,3
43585,4
43586,3
43587,3
43588,3
43590,3
43591,3
43595,4
43596,4
43597,4
43601,2
43602,3
43606,3
43607,2
43608,3
43609,1
43610,2
43612,3
43613,2
43616,3
43617,3
43619,2
43621,2
43623,3
43627,3
43628,3
43631,3
43633,1
43634,3
43635,3
43636,3
43637,3
43638,3
43639,4
43641,3
43644,2
43645,3
43647,3
43649,3
43653,3
43655,3
43656,3
43657,2
43660,4
43662,3
43663,3
43664,3
43665,3
43666,4
43669,4
43672,3
43676,3
43678,3
43680,3
43683,3
43684,4
43688,4
43689,4
43691,4
43692,3
43695,2
43696,3
43698,2
43699,3
43700,2
43701,3
43702,3
43703,3
43704,3
43705,3
43707,5
43708,4
43709,4
43711,1
43713,3
43714,2
43717,3
43720,4
43721,3
43722,3
43723,4
43727,2
43729,3
43732,3
43733,2
43734,2
43735,4
43737,2
43738,3
43740,3
43741,5
43742,4
43743,3
43744,3
43746,2
43747,3
43748,3
43749,3
43750,4
43751,3
43752,3
43755,2
43756,2
43757,3
43758,1
43759,2
43760,3
43761,4
43762,3
43763,4
43764,3
43765,4
43766,3
43767,5
43768,4
43771,3
43773,4
43775,3
43776,3
43777,3
43778,3
43779,3
43780,3
43783,4
43784,3
43786,1
43787,4
43788,3
43789,2
43790,2
43791,3
43794,4
43795,4
43796,3
43797,2
43798,4
43799,3
43800,3
43802,3
43803,4
43804,4
43805,3
43806,4
43807,4
43808,3
43809,5
43810,4
43811,3
43812,3
43813,2
43814,3
43815,4
43816,1
43817,1
43818,3
43819,3
43820,2
43821,5
43822,3
43823,2
43824,2
43825,4
43826,3
43827,4
43829,2
43830,3
43831,4
43832,1
43833,2
43834,3
43835,3
43836,3
43837,2
43838,2
43841,2
43842,3
43843,3
43844,3
43845,2
43846,3
43847,3
43848,1
43849,4
43850,3
43852,3
43853,3
43854,3
43855,2
43857,4
43858,3
43859,3
43860,3
43861,3
43862,2
43863,3
43864,2
43865,3
43866,3
43867,3
43868,1
43869,3
43870,3
43872,4
43873,3
43874,5
43876,2
43877,2
43878,3
43879,5
43880,2
43881,3
43882,2
43883,1
43885,3
43886,2
43888,4
43889,4
43890,4
43891,3
43892,3
43893,2
43894,5
43895,4
43898,2
43899,3
43901,4
43903,3
43904,3
43905,2
43906,3
43907,3
43910,3
43911,3
43912,4
43913,2
43914,3
43915,4
43917,5
43918,2
43919,2
43920,4
43921,3
43922,3
43923,3
43924,3
43925,3
43927,3
43928,3
43929,3
43930,4
43931,3
43932,4
43933,1
43934,3
43935,2
43936,3
43937,3
43938,2
43939,3
43940,4
43942,2
43943,3
43944,3
43945,3
43946,3
43947,5
43948,1
43949,4
43951,3
43952,3
43953,2
43954,2
43956,3
43959,2
43960,3
43961,3
43963,3
43964,3
43965,3
43966,1
43967,2
43971,4
43972,3
43973,3
43974,4
43975,3
43976,3
43977,3
43978,3
43979,3
43980,3
43981,3
43982,3
43985,1
43986,4
43987,3
43990,4
43991,1
43992,3
43993,3
43994,3
43995,3
43996,3
43997,3
43998,3
43999,1
44000,2
44001,3
44002,3
44003,3
44004,4
44006,3
44007,3
44008,2
44009,3
44010,3
44011,2
44012,3
44013,3
44014,3
44015,3
44016,3
44017,3
44018,4
44019,3
44020,2
44021,3
44022,3
44023,4
44026,1
44027,3
44029,3
44030,2
44031,2
44032,3
44033,3
44034,3
44035,4
44036,5
44037,4
44038,5
44042,2
44043,3
44044,3
44045,2
44046,4
44047,3
44048,2
44050,4
44053,4
44057,3
44058,3
44059,3
44060,4
44061,3
44062,3
44063,3
44064,3
44066,3
44067,3
44068,3
44069,3
44070,3
44071,4
44072,3
44073,3
44075,3
44076,4
44077,2
44078,3
44079,3
44080,3
44081,3
44082,3
44083,3
44084,3
44085,1
44086,3
44087,3
44088,3
44089,3
44090,4
44092,3
44093,4
44094,4
44095,4
44096,3
44097,3
44099,4
44100,3
44101,5
44102,3
44103,2
44104,3
44105,3
44106,3
44109,3
44110,3
44112,4
44114,1
44115,2
44116,4
44117,2
44118,5
44120,2
44121,3
44122,2
44123,3
44126,3
44130,2
44131,3
44132,3
44133,3
44134,3
44135,3
44136,4
44138,3
44139,4
44140,3
44142,4
44143,3
44144,3
44145,2
44146,3
44148,3
44149,3
44150,3
44151,3
44152,3
44154,3
44155,1
44156,4
44157,2
44159,2
44160,2
44161,3
44162,2
44163,3
44164,3
44165,2
44166,3
44167,3
44168,3
44169,3
44170,3
44171,5
44172,5
44173,3
44174,3
44175,4
44177,4
44178,2
44179,3
44181,3
44182,4
44183,3
44184,3
44185,3
44186,3
44187,3
44188,2
44190,3
44191,3
44192,2
44193,3
44194,2
44195,2
44196,1
44197,2
44199,3
44200,3
44201,4
44202,3
44203,3
44204,4
44205,3
44206,2
44208,2
44209,3
44210,4
44211,5
44212,4
44213,3
44214,3
44215,3
44216,3
44217,3
44218,3
44219,2
44220,3
44221,3
44222,3
44224,3
44225,1
44227,4
44229,4
44230,2
44231,3
44232,1
44233,3
44234,4
44235,4
44236,3
44237,3
44238,3
44239,3
44240,4
44241,3
44243,3
44245,2
44246,5
44247,1
44248,3
44250,3
44251,2
44252,2
44253,1
44255,4
44256,2
44257,4
44258,3
44259,3
44260,2
44261,3
44262,3
44263,2
44264,4
44265,2
44266,3
44267,3
44268,2
44270,3
44271,3
44272,3
44273,3
44274,4
44275,5
44276,3
44277,3
44278,3
44279,4
44280,4
44281,4
44282,1
44283,3
44285,4
44286,2
44287,3
44290,3
44291,3
44292,3
44293,1
44294,4
44295,3
44296,3
44297,3
44299,3
44300,3
44301,3
44302,4
44303,3
44304,2
44305,2
44306,3
44307,1
44308,3
44309,5
44310,3
44311,3
44313,3
44314,3
44315,3
44316,3
44317,2
44318,2
44319,3
44320,3
44321,2
44322,5
44323,2
44324,3
44325,3
44327,4
44328,4
44329,5
44330,3
44331,1
44332,3
44333,2
44334,3
44335,3
44336,3
44338,3
44339,3
44340,3
44341,3
44342,5
44343,2
44344,3
44345,3
44346,3
44347,3
44348,3
44349,3
44350,2
44351,2
44352,5
44353,4
44354,4
44355,3
44356,3
44358,3
44359,4
44360,4
44361,5
44363,3
44364,3
44366,4
44368,3
44369,2
44370,3
44371,3
44373,2
44374,3
44375,3
44376,3
44377,1
44378,2
44379,2
44380,3
44381,3
44382,3
44383,3
44385,3
44386,1
44387,3
44389,3
44390,4
44391,4
44392,5
44393,3
44394,3
44398,4
44400,4
44402,3
44404,3
44405,2
44406,3
44408,3
44410,3
44411,2
44412,4
44413,2
44414,2
44418,3
44419,3
44420,4
44421,4
44422,3
44423,3
44424,3
44425,4
44426,4
44427,3
44428,1
44429,5
44430,3
44431,3
44432,4
44434,2
44435,4
44436,3
44437,3
44438,3
44439,4
44440,3
44441,3
44442,3
44443,4
44445,3
44447,2
44448,2
44450,3
44452,3
44453,4
44455,3
44456,2
44457,2
44458,5
44459,3
44460,3
44461,2
44462,3
44463,2
44464,2
44467,3
44468,4
44469,4
44470,4
44471,2
44472,2
44473,3
44474,5
44475,2
44476,5
44477,3
44478,3
44479,3
44480,4
44481,2
44482,2
44483,3
44485,4
44486,3
44487,3
44488,2
44492,3
44493,4
44494,2
44495,3
44497,3
44498,4
44500,3
44501,3
44502,3
44504,2
44505,3
44506,4
44507,3
44508,1
44509,3
44510,3
44511,3
44512,2
44513,2
44514,5
44515,5
44516,4
44517,4
44518,3
44519,3
44520,3
44521,3
44522,2
44523,3
44525,3
44526,3
44527,1
44528,3
44529,3
44530,2
44531,4
44532,2
44534,2
44535,3
44536,2
44537,3
44538,3
44539,4
44540,3
44541,3
44542,3
44543,3
44544,3
44545,3
44546,3
44547,3
44548,4
44549,3
44550,3
44551,3
44553,3
44554,3
44555,4
44556,4
44557,3
44558,4
44560,4
44562,4
44563,2
44564,3
44565,3
44566,1
44567,1
44568,4
44569,4
44570,3
44571,3
44572,3
44573,2
44574,3
44575,3
44576,3
44577,3
44578,2
44579,2
44580,3
44585,3
44588,4
44589,2
44590,3
44591,3
44592,4
44593,4
44594,2
44596,3
44597,3
44598,2
44599,4
44600,3
44601,3
44602,3
44603,3
44604,3
44605,1
44606,5
44607,3
44608,3
44609,3
44611,3
44612,2
44613,3
44616,2
44617,3
44618,3
44619,2
44620,2
44621,4
44622,2
44623,4
44624,3
44625,4
44626,3
44627,5
44628,3
44629,3
44630,4
44631,5
44632,3
44633,2
44634,3
44635,3
44637,3
44638,2
44639,4
44640,5
44641,2
44642,3
44643,3
44644,1
44645,2
44646,3
44647,2
44648,3
44651,3
44652,4
44653,3
44654,2
44655,4
44656,3
44657,4
44658,3
44659,3
44661,5
44662,3
44663,3
44664,2
44666,3
44667,3
44668,2
44669,3
44670,3
44671,3
44672,3
44673,5
44674,3
44676,4
44677,3
44678,3
44679,1
44680,4
44681,4
44682,3
44683,2
44684,2
44685,1
44686,3
44687,3
44688,2
44689,4
44690,3
44691,3
44692,3
44693,3
44694,4
44696,3
44698,3
44699,4
44702,3
44703,3
44705,4
44706,4
44707,3
44708,3
44709,4
44710,2
44711,3
44712,3
44713,4
44714,1
44715,4
44716,3
44717,4
44719,4
44720,3
44721,2
44723,4
44724,3
44727,1
44728,3
44729,3
44730,3
44731,3
44732,3
44733,3
44734,4
44735,4
44736,3
44737,2
44738,3
44739,5
44740,3
44741,4
44742,3
44743,3
44744,3
44745,5
44748,3
44749,4
44750,3
44751,5
44752,3
44753,3
44754,3
44755,3
44756,3
44757,3
44758,1
44759,3
44760,2
44761,3
44762,4
44763,3
44764,3
44765,2
44766,2
44767,5
44768,3
44769,3
44770,2
44771,3
44772,3
44776,1
44777,1
44781,4
44782,3
44783,3
44784,2
44785,3
44786,2
44787,3
44788,3
44789,4
44791,3
44792,3
44793,3
44794,3
44795,3
44796,3
44797,3
44798,3
44800,4
44802,3
44804,3
44805,3
44806,3
44807,3
44808,3
44809,3
44810,3
44811,3
44812,3
44813,4
44814,1
44817,4
44818,3
44819,3
44820,4
44821,3
44822,3
44823,2
44824,5
44825,3
44827,3
44828,3
44829,3
44830,3
44832,3
44833,3
44834,4
44835,2
44836,4
44837,3
44838,5
44839,3
44840,5
44841,3
44842,2
44843,2
44844,3
44845,1
44847,3
44848,3
44849,3
44850,3
44851,3
44852,4
44853,3
44854,3
44855,5
44856,3
44857,3
44858,3
44865,3
44866,3
44867,3
44868,3
44869,3
44870,3
44871,3
44872,2
44873,2
44874,3
44875,2
44876,3
44877,3
44878,3
44879,4
44880,1
44883,4
44884,3
44885,2
44886,3
44887,3
44888,3
44889,3
44890,3
44891,3
44892,3
44893,3
44894,4
44895,4
44896,1
44898,3
44899,3
44901,3
44902,3
44903,4
44904,3
44905,2
44906,3
44908,3
44909,3
44911,3
44912,4
44913,3
44914,1
44916,3
44918,3
44919,3
44920,1
44921,2
44922,3
44923,2
44925,3
44926,3
44927,3
44928,2
44931,3
44932,4
44934,3
44935,3
44939,2
44940,3
44941,3
44945,2
44946,4
44948,3
44949,4
44950,2
44951,3
44952,3
44956,2
44957,3
44958,5
44959,5
44962,4
44963,2
44964,1
44965,2
44966,5
44968,2
44969,3
44970,3
44971,3
44972,4
44973,5
44974,2
44975,5
44976,4
44977,5
44978,3
44979,3
44980,2
44981,3
44982,3
44983,3
44984,3
44985,3
44986,3
44989,2
44992,3
44993,3
44995,3
44997,3
44998,3
44999,4
45002,2
45003,2
45004,3
45005,3
45006,3
45007,3
45008,2
45009,3
45010,4
45011,2
45012,2
45013,4
45014,4
45015,3
45016,4
45018,4
45019,2
45022,3
45023,4
45025,2
45026,3
45028,3
45029,3
45030,4
45032,3
45033,3
45034,3
45035,4
45036,2
45037,1
45038,3
45039,2
45040,3
45041,2
45042,3
45043,4
45044,2
45045,3
45046,4
45047,2
45048,3
45049,2
45050,3
45051,1
45052,2
45053,3
45055,4
45056,4
45059,3
45061,4
45062,3
45063,3
45065,3
45066,2
45067,2
45068,3
45069,4
45070,3
45071,3
45073,3
45074,3
45075,2
45079,3
45081,4
45082,3
45083,4
45084,4
45085,3
45086,4
45087,3
45088,2
45089,2
45090,3
45091,4
45092,3
45093,3
45094,3
45099,2
45104,2
45105,3
45106,3
45107,3
45108,4
45109,3
45110,4
45111,2
45112,2
45114,3
45115,3
45117,4
45118,3
45119,3
45121,4
45122,3
45123,4
45124,3
45125,3
45126,1
45127,1
45128,3
45129,3
45130,2
45131,3
45132,4
45133,3
45134,3
45135,3
45136,4
45137,3
45138,3
45139,3
45140,4
45141,3
45142,2
45143,1
45144,3
45145,4
45146,3
45148,4
45149,4
45150,4
45151,3
45152,3
45153,4
45154,4
45155,4
45156,3
45157,3
45158,4
45159,4
45161,2
45163,3
45164,3
45166,2
45167,3
45168,2
45169,2
45170,2
45172,3
45174,3
45176,3
45178,3
45179,3
45180,4
45181,3
45182,3
45183,2
45184,4
45185,4
45186,3
45187,2
45188,1
45189,3
45191,3
45192,3
45193,2
45194,3
45195,3
45196,1
45197,3
45198,5
45199,2
45200,3
45202,3
45203,3
45204,2
45205,3
45206,3
45207,2
45208,3
45209,2
45210,4
45213,3
45215,3
45218,4
45219,3
45220,3
45221,5
45222,3
45225,4
45226,4
45230,2
45231,2
45232,3
45233,3
45234,3
45236,1
45238,4
45239,3
45240,2
45241,3
45242,4
45243,3
45244,2
45245,3
45246,3
45248,4
45249,3
45250,3
45252,2
45254,3
45255,2
45256,3
45257,3
45258,4
45259,4
45260,2
45261,3
45262,3
45263,4
45264,4
45265,4
45266,2
45267,3
45268,3
45271,2
45273,3
45274,3
45275,3
45276,3
45277,3
45278,3
45279,3
45280,3
45281,4
45283,3
45284,3
45285,3
45286,3
45287,2
45288,3
45289,4
45290,3
45291,3
45292,3
45293,3
45294,4
45295,3
45296,3
45297,4
45299,4
45300,4
45301,3
45302,5
45303,2
45304,2
45305,4
45306,3
45307,3
45308,3
45309,4
45310,5
45311,3
45312,3
45313,3
45314,5
45315,3
45316,3
45317,3
45318,3
45320,3
45321,4
45322,3
45323,3
45324,3
45326,2
45327,4
45328,3
45329,2
45330,3
45331,3
45333,3
45334,3
45335,2
45337,3
45338,3
45339,3
45340,3
45341,4
45342,3
45343,3
45344,4
45345,3
45346,3
45347,2
45348,2
45349,3
45350,4
45351,3
45352,3
45354,1
45355,3
45356,3
45357,3
45360,3
45361,3
45362,2
45363,3
45364,3
45366,3
45367,2
45369,3
45370,5
45371,5
45372,3
45373,3
45374,2
45375,3
45376,3
45377,3
45378,4
45379,4
45380,3
45381,3
45382,1
45383,3
45384,3
45385,2
45386,3
45387,2
45388,2
45389,4
45390,3
45391,4
45395,4
45397,2
45398,5
45399,3
45400,3
45402,2
45403,5
45405,2
45406,3
45407,2
45408,3
45409,5
45410,4
45411,2
45412,2
45414,4
45415,4
45416,3
45417,4
45418,2
45420,2
45421,2
45422,1
45423,2
45424,3
45425,3
45426,3
45427,3
45428,3
45429,3
45432,3
45433,3
45436,4
45437,2
45438,3
45439,4
45441,4
45442,3
45443,3
45444,3
45445,4
45446,3
45447,3
45448,4
45449,3
45450,1
45451,1
45452,3
45453,3
45455,2
45456,3
45457,3
45458,3
45459,3
45460,4
45461,2
45462,5
45466,3
45467,3
45469,3
45472,2
45475,3
45476,3
45478,3
45479,4
45481,5
45482,3
45483,2
45484,2
45485,3
45486,3
45489,3
45490,3
45491,2
45492,2
45493,3
45494,3
45495,3
45496,3
45497,3
45498,4
45500,2
45501,3
45502,3
45503,4
45504,3
45505,3
45510,1
45513,3
45515,3
45516,4
45517,3
45518,1
45519,1
45521,2
45522,3
45523,1
45527,3
45528,3
45530,3
45533,2
45535,3
45536,4
45540,3
45544,1
45545,4
45546,3
45548,2
45550,4
45551,4
45554,2
45555,4
45556,3
45557,1
45558,5
45559,3
45560,2
45562,1
45564,3
45565,3
45570,5
45572,3
45573,3
45575,3
45576,3
45584,1
45586,3
45587,5
45589,1
45590,3
45591,3
45592,3
45594,3
45597,2
45598,1
45600,2
45601,3
45602,2
45605,5
45606,3
45607,4
45608,3
45609,3
45610,2
45612,3
45614,5
45616,1
45617,2
45619,3
45620,3
45624,2
45625,3
45626,3
45627,3
45629,3
45631,3
45632,5
45634,3
45636,3
45637,3
45639,1
45640,3
45641,2
45642,3
45643,3
45650,2
45651,3
45652,3
45653,3
45654,3
45656,2
45657,3
45658,5
45659,2
45660,2
45662,1
45663,3
45666,3
45667,3
45668,3
45670,1
45671,1
45673,2
45675,3
45676,3
45677,2
45681,3
45682,3
45684,3
45685,4
45686,3
45687,3
45688,3
45689,3
45690,3
45691,3
45692,4
45693,3
45696,2
45698,2
45700,3
45702,1
45704,4
45707,5
45709,1
45710,3
45712,4
45713,3
45714,2
45716,3
45717,1
45718,2
45723,4
45725,3
45727,3
45728,3
45730,2
45734,3
45736,3
45739,5
45741,3
45742,4
45743,4
45744,4
45746,3
45749,4
45750,5
45751,4
45752,1
45753,1
45757,3
45758,1
45761,2
45763,3
45766,3
45769,3
45770,3
45771,2
45772,5
45774,3
45775,4
45776,4
45777,2
45780,3
45782,3
45785,2
45786,3
45788,3
45790,2
45791,2
45792,3
45795,2
45796,2
45797,3
45799,3
45800,2
45801,4
45802,4
45803,2
45804,3
45806,3
45810,3
45811,2
45813,4
45816,3
45817,3
45818,5
45819,3
45820,1
45825,3
45826,4
45827,3
45828,5
45829,3
45830,3
45831,3
45832,3
45834,4
45835,4
45837,5
45838,2
45840,3
45841,5
45842,5
45845,4
45846,4
45847,3
45851,4
45852,1
45853,4
45855,3
45856,3
45857,1
45858,2
45859,4
45861,3
45862,4
45863,2
45864,2
45867,3
45868,3
45869,3
45870,5
45871,3
45872,4
45873,5
45874,4
45875,3
45876,1
45877,2
45879,4
45880,1
45881,3
45882,3
45883,2
45884,1
45885,3
45887,2
45888,3
45889,2
45890,3
45891,3
45892,3
45893,3
45895,3
45896,3
45898,4
45899,2
45900,4
45901,5
45903,1
45904,3
45905,5
45909,3
45910,4
45912,3
45913,1
45914,2
45915,3
45916,3
45917,3
45918,2
45920,1
45922,3
45923,3
45924,4
45926,3
45928,4
45929,2
45930,3
45933,4
45935,3
45937,3
45939,2
45940,1
45942,1
45943,5
45944,4
45945,2
45946,3
45947,3
45949,3
45950,4
45951,3
45952,2
45954,3
45955,2
45956,3
45957,3
45958,3
45959,1
45960,3
45961,1
45962,3
45964,2
45966,3
45967,3
45968,2
45969,3
45972,3
45973,5
45974,4
45975,4
45976,5
45977,4
45978,2
45981,3
45982,5
45983,3
45984,2
45985,2
45986,3
45987,3
45988,5
45989,3
45991,4
45993,1
45994,3
45995,3
45996,3
45998,4
45999,5
46000,2
46001,2
46002,4
46003,5
46004,5
46005,5
46007,3
46010,4
46011,3
46012,3
46013,3
46015,5
46018,3
46019,4
46020,3
46028,1
46029,3
46030,2
46031,3
46032,4
46033,2
46034,4
46035,4
46036,5
46037,4
46038,4
46039,2
46040,4
46041,1
46042,3
46043,4
46045,1
46046,1
46047,5
46048,4
46049,4
46050,4
46051,4
46053,3
46054,4
46055,4
46056,4
46057,1
46058,3
46059,3
46060,1
46062,4
46065,4
46066,5
46068,4
46069,3
46070,2
46071,3
46072,3
46073,3
46075,3
46076,1
46077,2
46078,3
46079,4
46080,3
46081,3
46082,2
46083,3
46084,1
46085,1
46086,3
46087,4
46088,1
46089,5
46090,1
46091,2
46093,3
46094,3
46095,3
46096,2
46097,3
46098,3
46101,3
46102,4
46103,3
46104,3
46105,4
46107,4
46109,5
46110,5
46111,2
46112,5
46114,1
46115,2
46116,3
46119,2
46120,3
46121,4
46123,2
46124,5
46126,4
46127,4
46129,3
46130,2
46132,2
46137,4
46138,3
46140,2
46141,2
46142,3
46147,5
46148,3
46149,5
46150,3
46151,1
46152,3
46153,3
46154,5
46155,1
46156,3
46157,3
46158,5
46159,4
46160,2
46163,2
46164,4
46165,4
46166,2
46168,2
46169,3
46170,2
46171,3
46172,1
46173,5
46175,1
46176,1
46177,2
46178,3
46179,3
46180,1
46181,3
46182,3
46183,1
46184,1
46185,1
46186,2
46187,1
46189,3
46190,3
46191,1
46192,3
46193,3
46194,4
46195,1
46196,1
46197,4
46198,3
46199,3
46200,3
46201,2
46203,2
46204,2
46205,3
46206,2
46207,3
46208,3
46209,5
46210,4
46213,3
46214,3
46215,3
46217,3
46218,4
46219,4
46220,1
46221,3
46222,2
46223,3
46224,3
46225,3
46226,1
46227,3
46228,1
46229,1
46230,5
46231,4
46233,3
46234,2
46235,4
46236,4
46237,1
46238,4
46239,3
46240,2
46241,3
46243,2
46244,4
46246,4
46250,5
46251,3
46252,3
46253,1
46254,4
46255,4
46256,3
46257,3
46258,2
46259,3
46260,4
46261,3
46262,1
46263,2
46264,5
46266,3
46267,5
46268,2
46269,4
46270,3
46271,1
46274,3
46275,4
46276,1
46277,4
46278,4
46279,3
46280,3
46281,4
46283,3
46284,3
46285,2
46286,3
46287,1
46288,2
46289,2
46290,2
46291,4
46292,3
46293,3
46294,3
46295,2
46296,4
46297,2
46298,3
46299,2
46300,2
46301,4
46302,4
46303,4
46304,5
46307,4
46308,3
46310,1
46311,4
46312,1
46313,5
46314,3
46318,3
46319,1
46320,3
46321,3
46323,5
46324,3
46325,3
46326,4
46327,3
46328,3
46330,2
46331,5
46334,2
46335,1
46337,2
46338,3
46339,3
46340,3
46343,3
47144,4
60431,4
60833,3
60935,2
60951,5
60999,3
61063,3
61106,4
61109,5
61803,3
61818,2
61896,3
62252,3
62300,4
62501,2
62502,1
62660,3
62734,2
62833,3
62905,3
63019,1
63099,3
63631,2
63914,5
64415,2
65108,3
65191,3
65989,3
66421,3
66424,4
66427,3
66428,4
66429,3
66431,3
66434,3
66446,4
66449,4
66450,3
66453,3
66456,3
66458,4
66462,1
66463,3
66465,2
66475,1
66477,4
66478,2
66484,3
66495,3
66496,4
66502,3
66505,4
66506,3
66508,3
66512,3
66513,3
66521,3
66523,3
66530,3
66537,4
66539,2
66545,2
66551,3
66554,3
66555,3
66559,4
66560,2
66565,3
66566,4
66570,3
66572,3
66580,3
66582,3
66589,2
66590,3
66591,3
66593,4
66595,2
66598,4
66600,4
66601,3
66604,3
66605,5
66608,4
66613,3
66614,3
66617,1
66626,3
66634,3
66636,3
66638,3
66639,1
66640,4
66641,3
66644,3
66646,3
66647,2
66652,1
66653,3
66655,3
66663,2
66669,2
66671,4
66672,3
66676,4
66677,3
66680,3
67233,4
67236,4
67424,4
67425,1
67426,3
67569,2
67596,4
67801,3
68404,3
68616,4
69012,4
69015,1
69016,3
69752,3
69790,2
70029,5
70377,4
70450,2
70528,5
70573,2
70582,1
70608,2
70629,4
71417,1
71567,3
71933,3
72077,2
